id,workout_interval_id,ref,stroke_number,power,avg_power,stroke_rate,time,stroke_length,distance,distance_per_stroke,estimated_500m_time,energy_per_stroke,energy_sum,pulse,work_per_pulse,peak_force,peak_force_pos,rel_peak_force_pos,drive_time,recover_time,k,curve_data,stroke_number_in_interval,avg_calculated_power
,9181825,98076,1,0,29.29,36.37,1.65,151.8,3.61,360.63,0,626.05,0.63,139,163.79,362.17,68.2,44.93,1.65,0,1,"3,3,32,66,105,149,168,180,201,217,241,265,283,293,301,306,314,319,326,330,336,339,345,349,353,353,358,359,362,361,362,362,361,354,347,336,324,312,301,287,276,264,254,243,232,219,212,202,192,183,172,162,156,148,137,126,112,99,82,70,57,42,33,20,7,13,2,2,4",1,0
,9181825,98077,2,93.34,67.51,19.57,4.66,143,13.47,986.5,155.36,631.32,1.26,138,289.55,427.08,50.6,35.38,0.95,2.12,0.97,"28,27,69,118,164,197,217,232,252,268,288,307,327,342,361,375,389,397,407,413,420,422,427,426,424,420,413,405,403,395,393,385,375,359,347,335,321,310,300,287,275,261,246,231,218,207,200,189,184,176,168,160,149,132,121,106,89,76,60,45,29,17,11,9,5",2,46.67
,9181825,98078,3,166.08,95.48,21.87,7.45,138.6,24.17,1069.72,128.21,637.53,1.89,138,348.38,428,48.4,34.92,0.8,1.95,0.96,"43,39,92,156,212,260,287,306,318,332,342,358,374,392,400,412,416,419,420,425,424,428,426,422,416,411,398,392,386,376,371,360,349,342,326,316,303,289,281,272,262,256,240,231,217,206,191,178,164,151,140,128,118,109,100,84,73,56,43,33,27,14,2",3,86.473333333333
,9181825,98079,4,199.59,121.05,21.12,10.24,138.6,35.95,1178.1,120.59,587.18,2.48,138,328.61,402.5,52.8,38.1,0.78,2.06,0.96,"49,32,64,108,160,195,219,238,241,248,256,272,280,299,316,335,350,361,374,378,386,395,398,403,399,400,392,387,384,380,370,367,347,336,323,310,298,283,274,261,252,245,229,223,206,198,185,175,167,154,150,135,127,117,105,97,78,70,56,46,30,15,14",4,114.7525
,9181825,98080,5,211.22,140.07,21.6,12.94,140.8,47.69,1173.76,118.33,646.93,3.13,139,364.26,422.1,52.8,37.5,0.77,2.01,0.96,"51,50,84,136,192,221,257,277,282,297,307,328,344,368,387,398,405,409,404,407,406,411,416,422,416,418,411,409,402,393,386,373,360,349,335,321,307,302,289,280,279,264,259,252,233,227,214,205,196,186,174,162,153,139,128,115,94,81,68,55,19,16,21,3",5,134.046
,9181825,98081,6,225.56,153.54,21.15,15.78,145.2,59.94,1225.3,115.77,649.09,3.78,140,357.07,432.99,52.8,36.36,0.78,2.06,0.95,"53,33,70,119,159,190,224,242,261,282,302,316,338,354,377,387,404,408,413,414,419,424,429,433,432,430,424,415,411,406,399,385,375,356,343,328,314,305,296,283,280,267,256,251,236,223,215,199,190,180,165,158,147,140,130,121,108,94,86,57,42,40,23,3,0,0",6,149.29833333333
,9181825,98082,7,240.32,163.71,23.53,18.34,143,71.19,1124.94,113.35,628.47,4.41,142,352.22,410.85,55,38.46,0.75,1.8,0.96,"57,34,68,118,177,217,247,271,283,298,307,319,331,344,350,364,372,384,387,392,392,397,402,406,411,411,403,399,388,378,369,365,351,341,329,312,296,284,272,262,255,247,238,234,228,221,213,206,194,183,172,160,151,140,134,120,108,94,71,63,47,27,15,17,3",7,162.30142857143
,9181825,98083,8,237.07,172.05,21.58,21.14,140.8,83.4,1221.11,113.87,637.95,5.04,143,357.69,422.85,55,39.06,0.75,2.03,0.96,"55,47,77,132,177,201,229,258,274,296,315,324,348,359,373,383,392,400,409,409,413,417,422,422,423,418,418,409,405,398,387,375,362,343,332,317,305,294,282,268,262,251,240,236,222,210,205,191,182,179,164,159,147,136,126,113,99,87,76,58,40,26,21,7",8,171.6475
,9181825,98084,9,238.17,180.65,22.31,23.74,143,95.23,1182.74,113.69,627.93,5.67,144,344.21,413.86,59.4,41.54,0.76,1.93,0.96,"56,44,73,128,162,195,214,226,239,247,263,275,299,305,324,339,351,363,370,372,385,386,400,408,407,412,414,408,411,401,397,391,379,366,351,337,324,313,301,287,279,269,264,253,242,232,222,210,199,189,176,167,155,142,130,121,103,93,76,60,48,24,21,13,1",9,179.03888888889
,9181825,98085,10,242.35,185.5,23.26,26.35,143,106.64,1140.97,113.03,610.05,6.28,145,334.02,387.94,39.6,27.69,0.76,1.82,0.96,"57,40,67,115,161,194,230,259,271,291,302,317,334,348,357,372,383,388,387,384,379,384,382,385,378,375,369,366,362,358,351,341,336,321,310,303,287,279,263,255,248,240,242,234,223,218,206,198,189,178,169,160,151,140,130,115,107,93,76,64,46,29,11,13,2",10,185.37
,9181825,98086,11,236.24,191.15,22.43,28.96,138.6,118.37,1173.04,114,593.62,6.88,146,329.67,401.67,50.6,36.51,0.74,1.93,0.95,"55,53,91,144,177,210,239,254,270,285,301,314,330,342,357,366,373,381,384,384,394,393,402,399,401,399,392,383,375,364,355,345,327,312,302,281,274,262,249,238,231,222,210,204,196,188,185,175,166,157,144,135,122,115,106,94,81,68,56,39,30,21,15",11,189.99454545455
,9181825,98087,12,229.34,193.22,21.95,31.75,143,130.24,1187.25,115.13,628.25,7.5,147,334.93,412.76,55,38.46,0.77,1.97,0.96,"54,42,72,122,166,203,231,255,271,282,299,314,332,339,352,363,379,382,391,392,393,404,408,409,413,404,402,398,388,385,379,369,363,345,333,322,312,295,289,273,261,256,247,234,230,220,212,204,190,182,165,160,141,134,126,113,106,86,71,59,52,17,13,14,3",12,193.27333333333
,9181825,98088,13,234.26,196.82,22.66,34.36,140.8,141.82,1158.08,114.32,599.1,8.1,148,321.84,380.01,55,39.06,0.75,1.89,0.96,"56,24,72,110,165,203,236,263,273,288,295,305,317,331,338,354,361,364,366,364,365,371,374,379,380,379,373,370,358,354,345,340,332,320,309,297,282,273,256,250,241,232,234,223,223,220,205,204,191,182,176,163,152,138,129,116,101,84,67,55,51,34,16,16",13,196.42615384615
,9181825,98089,14,231.13,199.67,22.36,37.02,140.8,153.51,1168.59,114.83,603.41,8.71,149,321.48,398.19,57.2,40.63,0.76,1.93,0.96,"55,48,95,146,181,214,234,252,263,275,288,301,311,327,332,345,356,363,366,377,377,387,390,396,397,398,388,381,377,366,366,354,341,334,319,306,294,282,267,261,251,242,237,229,220,212,200,188,180,169,161,146,137,130,111,100,85,68,57,47,34,19,17,8",14,198.905
,9181825,98090,15,227.14,201.97,21.94,39.72,140.8,165.35,1184.09,115.5,607.18,9.31,149,321.48,397.74,55,39.06,0.76,1.97,0.96,"54,40,67,112,160,190,220,246,263,278,300,304,324,334,344,355,361,367,375,379,385,387,394,394,398,397,394,385,380,374,368,358,352,340,331,319,306,289,277,262,252,242,233,226,216,209,201,187,177,170,158,149,135,127,115,102,96,79,70,57,38,31,22,11",15,200.78733333333
,9181825,98091,16,228.45,203.38,22.36,42.42,140.8,176.99,1164.08,115.28,603.63,9.92,149,319.72,403.01,52.8,37.5,0.76,1.92,0.96,"54,42,79,124,169,195,212,233,234,249,260,273,284,294,307,319,330,344,353,366,375,386,394,403,397,401,397,393,391,387,380,374,364,352,342,329,314,305,291,278,267,254,241,234,218,212,200,189,180,172,163,153,144,131,120,109,94,81,73,64,40,21,25,10",16,202.51625
,9181825,98092,17,229.58,205.41,21.93,45.12,145.2,188.88,1188.82,115.09,662.66,10.58,150,342.44,429.23,57.2,39.39,0.77,1.96,0.96,"54,23,59,103,158,194,235,256,278,296,309,325,335,351,352,367,375,384,391,396,399,404,410,419,424,429,428,427,425,423,415,410,402,391,376,363,345,332,311,298,283,265,260,247,235,231,217,211,200,193,185,177,166,157,145,130,122,106,91,81,61,53,17,19,17,8",17,204.10823529412
,9181825,98093,18,241.19,207.65,22.36,47.78,140.8,200.73,1184.91,113.21,639.68,11.22,150,344.09,425.91,55,39.06,0.74,1.94,0.96,"56,41,78,132,183,218,247,264,275,280,296,306,331,340,359,375,385,393,400,400,407,411,419,423,425,426,423,416,414,403,397,390,381,364,351,336,322,310,298,283,268,257,252,240,230,220,205,193,184,170,159,151,136,132,114,106,96,74,68,48,38,24,17,11",18,206.16833333333
,9181825,98094,19,243.52,209.28,23.09,50.38,138.6,212.24,1151.29,112.85,591.86,11.81,152,318.66,383.92,37.4,26.98,0.73,1.87,0.96,"57,52,96,148,193,235,261,273,281,287,305,319,339,356,372,378,384,382,378,378,378,381,383,373,375,367,364,360,353,343,336,327,316,306,297,279,273,260,244,242,231,227,221,211,205,199,192,181,175,164,155,142,134,117,106,96,79,65,53,38,25,19,2",19,208.13421052632
,9181825,98095,20,241.12,211.03,24.01,52.86,138.6,223.27,1103.53,113.23,588.22,12.4,153,314.98,392.29,50.6,36.51,0.73,1.77,0.95,"57,48,82,140,185,228,261,282,295,303,315,321,337,347,362,372,379,382,380,380,383,384,392,387,390,384,376,368,362,355,348,336,323,308,299,285,272,265,246,242,233,223,213,203,195,181,179,167,158,151,138,122,113,103,92,86,74,59,46,34,19,13,2",20,209.7835
,9181825,98096,21,239.83,212.3,24.2,55.33,134.2,234.2,1092.69,113.43,589.43,12.99,154,323.3,405.44,50.6,37.7,0.71,1.77,0.96,"57,38,70,128,176,218,250,272,288,298,318,323,346,358,373,384,391,398,400,400,400,401,405,403,402,397,393,384,380,375,364,354,340,321,307,289,278,266,252,243,235,223,217,205,195,183,176,159,148,137,121,114,98,93,79,65,56,40,29,21,9",21,211.21428571429
,9181825,98097,22,240.08,213.72,23.61,57.85,140.8,245.41,1120.44,113.39,590.83,13.58,153,309.21,394.23,59.4,42.19,0.75,1.79,0.96,"57,37,61,115,165,194,223,241,249,255,270,272,291,301,313,322,335,342,351,352,358,364,372,378,386,389,394,392,386,382,372,363,354,339,330,311,299,287,275,260,255,244,233,228,216,206,202,193,183,176,165,156,138,128,115,96,94,77,57,48,31,19,8,10",22,212.52636363636
,9181825,98098,23,234.6,214.86,22.79,60.46,138.6,256.93,1151.99,114.27,602.51,14.18,154,317.2,398.84,59.4,42.86,0.74,1.89,0.96,"55,50,86,146,186,220,243,256,268,279,293,306,322,332,344,355,365,369,376,378,388,386,394,398,398,398,399,389,386,377,372,361,350,336,320,311,300,286,274,262,248,236,230,215,205,195,189,178,169,166,148,142,129,114,103,93,84,51,49,42,21,13,17",23,213.48608695652
,9181825,98099,24,239.85,215.38,24.19,62.98,140.8,267.86,1093.28,113.42,590.9,14.77,153,310.15,387.26,52.8,37.5,0.75,1.73,0.96,"57,47,74,119,169,194,218,241,244,264,276,292,303,315,326,337,347,354,358,364,370,378,385,387,384,380,376,370,362,362,356,352,343,328,318,308,291,288,270,260,251,238,233,223,209,205,195,186,176,169,162,153,145,130,117,109,86,67,67,55,30,23,27,0",24,214.58458333333
,9181825,98100,25,242.13,216.89,24.88,65.34,134.2,278.52,1066.49,113.07,573.38,15.35,154,314.41,393.83,52.8,39.34,0.71,1.7,0.95,"58,42,78,122,168,203,234,256,265,278,289,301,314,328,338,353,357,364,367,373,372,381,388,394,393,394,384,377,367,365,355,345,338,321,309,299,279,267,255,240,231,219,208,200,193,184,178,169,154,151,136,122,109,98,84,73,57,42,42,36,13",25,215.6864
,9181825,98101,26,244.37,217.99,25.09,67.71,136.4,289.13,1060.55,112.72,583.65,15.93,153,318.84,398.27,55,40.32,0.72,1.67,0.95,"58,56,98,133,166,192,218,237,251,270,287,301,319,330,345,360,369,375,382,385,395,392,398,396,398,394,389,385,379,370,367,353,344,333,319,305,290,276,266,251,238,227,209,201,190,181,170,161,156,137,133,118,108,102,91,81,67,57,44,36,18,9",26,216.78961538462
,9181825,98102,27,246.2,219.22,24.44,70.14,138.6,300.05,1091.77,112.44,622.33,16.55,154,334.98,422.86,52.8,38.1,0.72,1.73,0.95,"58,50,96,147,185,220,235,254,267,284,306,321,339,357,369,384,388,396,397,406,405,414,418,423,417,418,410,402,401,390,378,369,355,342,335,321,304,294,280,269,259,250,238,226,215,204,191,180,175,159,153,146,128,122,108,91,73,55,49,36,18,10,10",27,217.87888888889
,9181825,98103,28,257.02,219.94,25.14,72.57,138.6,310.81,1076.76,110.84,628.1,17.18,154,342.38,402.47,55,39.68,0.71,1.67,0.96,"60,59,119,180,222,266,276,290,299,304,316,321,339,343,361,371,375,380,381,380,389,388,397,399,402,402,399,397,392,382,375,364,353,337,328,311,301,288,273,262,252,244,235,227,218,207,199,192,185,173,163,149,139,128,116,104,87,76,62,55,37,14,18",28,219.27678571429
,9181825,98104,29,264.92,221.73,25.64,74.86,138.6,321.48,1066.25,109.73,599.3,17.78,155,325.56,401.34,55,39.68,0.71,1.63,0.95,"61,46,82,138,178,218,235,256,268,275,294,308,321,337,348,363,364,376,379,380,384,389,394,399,401,400,393,387,379,371,365,354,344,333,318,308,290,281,268,257,245,234,228,217,208,201,185,182,168,158,148,136,124,115,107,93,78,61,51,43,24,5,16",29,220.85068965517
,9181825,98105,30,261.21,223.27,25.16,77.2,140.8,332.29,1081.73,110.25,604.58,18.39,155,321.61,397.01,55,39.06,0.73,1.66,0.96,"61,44,68,118,155,192,218,238,254,263,280,293,315,324,338,353,363,372,382,382,389,386,393,395,397,396,394,389,386,379,375,368,359,347,331,317,301,287,280,265,255,243,233,223,212,205,194,188,175,169,157,143,135,121,113,97,90,70,57,59,41,32,18,14",30,222.196
,9181825,98106,31,262.09,224.47,25.92,79.5,136.4,342.8,1050.9,110.12,599.22,18.98,156,327.79,398.33,52.8,38.71,0.7,1.61,0.96,"61,56,100,154,188,229,249,265,279,283,298,310,328,334,347,357,363,370,374,376,386,387,393,398,397,392,390,383,376,371,364,354,346,328,317,302,291,282,267,256,242,231,223,216,205,196,195,179,174,160,146,134,123,117,97,90,82,51,49,43,22,10",31,223.48290322581
,9181825,98107,32,258.29,224.81,24.92,81.98,138.6,353.68,1087.71,110.66,567.57,19.55,157,300.23,357.33,52.8,38.1,0.72,1.68,0.95,"60,47,91,151,201,240,268,268,275,277,279,294,307,312,325,333,342,339,344,341,343,350,355,357,356,355,353,348,349,341,335,329,322,308,297,284,268,258,247,239,230,222,214,203,197,192,185,178,171,157,150,137,127,115,101,90,76,60,46,34,20,9,3",32,224.570625
,9181825,98108,33,241.57,226,23.91,84.4,134.2,364.77,1108.78,113.15,551.69,20.1,157,294.7,368.95,57.2,42.62,0.72,1.79,0.96,"57,46,94,148,197,230,252,261,263,273,278,294,302,312,319,323,328,332,328,332,335,348,354,363,367,369,364,365,360,353,347,334,320,308,293,283,272,260,245,240,225,219,212,197,190,182,168,157,149,130,121,114,99,90,81,68,56,45,30,21,12",33,225.08575757576
,9181825,98109,34,235.65,226.22,24.78,86.83,134.2,375.38,1061.24,114.09,565.2,20.67,157,301.58,389.6,52.8,39.34,0.72,1.71,0.96,"57,44,75,124,166,198,225,247,256,272,284,297,314,328,338,354,363,369,372,374,375,383,384,390,385,386,382,376,374,365,358,348,338,329,307,300,283,264,254,236,224,216,204,191,181,170,162,153,138,131,118,109,103,87,81,70,55,47,32,27,14",34,225.39647058824
,9181825,98110,35,247.54,226.21,26.94,89.13,132,385.3,992.18,112.24,609.46,21.28,157,339.96,402,55,41.67,0.69,1.54,0.95,"59,46,90,165,219,270,309,321,329,337,335,348,356,374,386,393,398,396,388,391,389,396,396,398,402,401,394,390,384,378,371,364,347,334,322,306,290,283,263,255,247,233,224,215,204,195,182,168,156,138,130,112,98,88,71,59,46,32,22,16",35,226.02914285714
,9181825,98111,36,260.61,227.72,25.65,91.38,134.2,395.9,1060.03,110.33,626.04,21.9,157,348.07,408.19,55,40.98,0.69,1.65,0.95,"60,59,106,186,248,301,324,323,319,317,327,334,353,366,380,389,393,394,395,395,397,397,407,406,408,408,405,401,400,393,381,368,356,339,330,312,297,284,270,262,250,240,231,222,215,205,196,179,174,157,141,134,113,98,83,66,53,39,30,22,5",36,226.98972222222
,9181825,98112,37,269.09,228.56,26.3,93.67,136.4,406.35,1044.85,109.16,575.98,22.48,157,314.36,378.32,55,40.32,0.7,1.58,0.96,"63,48,94,151,187,227,246,261,272,280,287,296,308,320,337,341,353,354,360,364,368,372,378,376,378,377,370,365,361,355,351,339,327,314,306,296,287,276,261,249,241,228,218,209,198,188,181,165,159,147,140,125,115,107,93,82,66,55,43,24,10,10",37,228.12756756757
,9181825,98113,38,258.14,229.67,25.04,96.01,136.4,417.18,1082.53,110.68,581.99,23.06,157,313.95,389.21,55,40.32,0.71,1.69,0.95,"60,44,86,138,179,216,242,265,275,290,309,315,339,348,362,368,372,374,378,377,381,384,386,388,389,383,380,371,368,362,353,338,328,313,306,290,278,266,251,243,235,223,214,204,193,186,177,163,160,146,132,125,111,99,93,70,58,50,44,20,8,16",38,228.91736842105
,9181825,98114,39,249.11,230.29,24.07,98.49,138.6,428.3,1112.64,112,609.46,23.67,158,319.83,394.18,52.8,38.1,0.72,1.77,0.95,"58,49,100,153,188,225,251,265,280,297,313,327,342,354,363,374,377,386,379,382,384,387,389,394,392,390,387,384,382,376,371,362,348,342,323,308,295,281,266,257,246,232,226,216,209,198,187,180,171,165,154,142,128,122,108,98,82,64,54,40,24,8,10",39,229.43512820513
,9181825,98115,40,251.8,230.6,24.5,100.96,140.8,439.27,1096.98,111.6,623.01,24.29,159,321,413.91,55,39.06,0.73,1.72,0.96,"59,44,70,123,167,204,231,254,263,278,294,312,328,343,355,368,374,381,384,388,385,396,399,409,413,413,414,406,398,395,387,377,369,357,342,332,313,296,285,270,259,251,239,229,222,212,203,193,178,173,159,149,135,127,113,105,90,74,66,57,37,18,25,4",40,229.99425
,9181825,98116,41,257.76,231.58,25.52,103.26,134.2,449.89,1061.79,110.73,575.79,24.87,160,308.8,388.89,55,40.98,0.7,1.65,0.95,"60,49,79,125,162,196,225,245,261,269,280,289,307,313,328,339,348,355,362,365,370,375,381,386,389,387,387,385,386,379,372,364,353,339,327,309,295,279,267,253,242,230,222,209,196,184,174,161,151,140,122,110,100,94,86,82,72,58,40,38,20",41,230.67146341463
,9181825,98117,42,247.38,232.03,24.12,105.73,138.6,460.97,1108.03,112.26,565.06,25.44,160,289.06,384.44,57.2,41.27,0.73,1.75,0.96,"59,45,71,125,162,188,218,225,233,246,253,272,289,300,317,330,343,357,361,371,371,380,383,383,384,384,374,371,364,356,346,341,327,317,300,286,271,259,247,237,224,216,210,200,197,183,176,166,161,152,141,135,122,116,105,94,80,67,55,38,29,15,8",42,231.06928571429
,9181825,98118,43,236.44,231.24,23.38,108.44,140.8,472.23,1125.76,113.97,578.48,26.01,160,287.98,382.2,57.2,40.63,0.75,1.81,0.96,"56,37,62,115,168,199,228,246,254,270,282,290,307,316,330,338,348,354,361,361,368,367,378,379,380,382,377,367,365,358,351,344,333,319,306,291,279,264,253,239,228,219,213,206,198,190,183,177,168,161,147,140,131,124,116,102,90,72,60,44,34,25,18,12",43,231.19418604651
,9181825,98119,44,235.11,232.35,24.47,110.73,138.6,482.97,1073.82,114.18,552.68,26.57,161,276.21,374.06,52.8,38.1,0.75,1.71,0.96,"57,32,57,103,155,184,217,229,234,242,246,262,274,289,306,318,325,338,342,350,352,361,368,374,372,368,361,357,352,345,339,333,321,307,293,278,264,254,241,229,219,215,206,204,196,190,185,177,169,161,154,143,136,126,108,97,78,67,53,44,18,7,18",44,231.28318181818
,9181825,98120,45,232.38,232.39,24.63,113.16,136.4,493.59,1062.45,114.63,549.61,27.12,161,279.77,367.38,50.6,37.1,0.73,1.7,0.95,"56,53,97,144,177,213,236,248,260,269,285,296,311,323,338,344,355,358,361,363,364,367,367,365,365,361,355,353,344,337,332,317,306,292,278,264,253,241,230,219,212,206,196,189,181,171,164,148,143,127,120,115,102,97,86,72,62,53,42,26,12,15",45,231.30755555556
,9181825,98121,46,226.31,231.48,23.33,115.86,138.6,504.71,1111.87,115.64,582.04,27.7,162,289.92,396.25,52.8,38.1,0.74,1.83,0.95,"54,52,106,153,192,228,255,278,288,303,308,324,337,354,365,376,383,391,389,395,393,395,395,396,393,392,381,373,362,353,343,331,316,303,284,267,257,241,230,223,210,203,197,187,181,174,164,155,145,140,129,124,116,105,96,83,70,58,41,30,19,6,6",46,231.19891304348
,9181825,98122,47,229.74,232.6,23.66,118.2,136.4,515.73,1101.91,115.06,594.95,28.29,162,302.65,403.24,41.8,30.65,0.73,1.81,0.95,"55,47,79,131,178,219,252,275,295,310,327,340,357,368,380,392,401,399,403,397,403,399,402,402,397,393,389,380,374,365,355,348,333,315,305,286,276,261,247,233,224,216,206,198,186,178,169,161,150,139,132,122,117,102,89,79,64,55,41,39,24,13",47,231.16787234043
,9181825,98123,48,234.86,232.59,23.48,120.76,138.6,526.91,1118.41,114.22,594.87,28.89,163,296.93,401.43,55,39.68,0.74,1.82,0.96,"56,49,80,137,179,213,245,267,281,296,309,318,332,339,351,360,371,378,383,382,388,391,398,399,401,398,398,389,382,373,364,357,345,331,318,297,283,269,254,238,230,219,211,203,195,185,178,173,158,153,142,131,122,112,103,88,78,65,46,32,19,8,2",48,231.24479166667
,9181825,98124,49,236.09,232.79,23.17,123.33,143,538.27,1135.58,114.02,607.74,29.5,163,293.54,402.59,55,38.46,0.76,1.83,0.96,"56,37,60,107,149,177,206,228,246,259,279,293,308,322,334,341,353,360,369,371,379,386,395,398,403,400,401,398,391,384,377,364,358,346,334,326,311,301,290,269,259,248,236,226,217,203,193,190,177,169,161,149,143,130,128,113,104,96,75,67,44,33,19,12,0",49,231.34367346939
,9181825,98125,50,242.3,233.21,24.27,125.76,140.8,549.2,1093.61,113.04,600.06,30.1,163,297.24,400.49,52.8,37.5,0.74,1.73,0.95,"57,45,87,135,179,208,230,251,254,273,287,303,320,336,348,362,368,377,379,383,388,392,398,400,393,389,380,372,364,358,351,343,330,322,303,294,278,263,254,241,234,230,222,214,210,201,197,192,177,176,163,152,149,133,126,112,99,83,67,58,34,17,21,7",50,231.5628
,9181825,98126,51,246.19,233.28,24.54,128.24,140.8,560.08,1087.35,112.44,592.27,30.69,162,296.72,394.18,41.8,29.69,0.74,1.71,0.96,"58,38,59,111,162,203,243,272,287,297,312,321,340,351,366,378,387,392,394,386,388,387,391,390,388,382,379,369,360,356,348,341,335,318,305,293,279,265,249,234,223,211,207,196,188,185,176,167,158,150,145,135,132,122,109,99,87,71,60,48,34,23,9,9",51,231.84960784314
,9181825,98127,52,244.27,233.68,24.35,130.66,138.6,571.01,1093.01,112.74,578.35,31.27,163,290.88,376.28,44,31.75,0.73,1.73,0.95,"58,49,94,143,182,222,241,254,264,275,291,308,323,342,357,365,367,371,370,376,375,374,374,375,373,372,362,361,352,347,341,327,317,304,291,280,262,255,243,232,222,216,205,200,194,183,173,172,166,157,154,143,132,122,115,96,82,67,49,36,26,17,2",52,232.08846153846
,9181825,98128,53,243.82,233.91,25.05,133.05,138.6,581.62,1061.67,112.81,563.19,31.83,163,282.81,390.82,50.6,36.51,0.73,1.66,0.96,"58,28,61,102,159,196,228,250,261,273,285,306,321,336,356,371,375,384,381,388,384,390,391,389,383,381,370,358,352,341,332,323,306,296,280,270,257,241,232,215,208,200,190,179,173,168,159,154,147,140,130,121,118,106,99,91,69,63,53,44,33,16,16",53,232.30981132075
,9181825,98129,54,238.95,234.19,24.75,135.44,136.4,592.3,1067.35,113.57,548.06,32.38,163,277.3,372.34,48.4,35.48,0.73,1.7,0.95,"57,51,88,138,175,208,233,247,257,269,281,295,307,320,333,348,358,369,369,372,371,372,366,366,357,354,346,341,335,332,323,309,300,285,272,261,245,236,222,215,207,196,190,182,175,167,157,152,145,138,133,122,111,104,96,80,71,61,45,37,28,14",54,232.43277777778
,9181825,98130,55,233.54,233.98,24.24,137.95,140.8,603.11,1081.47,114.44,572.39,32.95,163,280.18,383.64,52.8,37.5,0.75,1.72,0.95,"56,45,72,124,166,205,232,248,256,263,275,289,303,323,342,359,372,377,379,381,377,383,381,384,380,378,368,363,353,350,343,333,321,303,295,277,263,253,236,227,218,210,203,197,189,180,172,167,158,153,145,137,123,116,110,90,86,69,56,49,26,10,14,3",55,232.45290909091
,9181825,98131,56,235.76,234.29,24.53,140.34,138.6,613.83,1071.9,114.08,590.64,33.54,163,295.25,384.63,46.2,33.33,0.74,1.71,0.96,"57,48,82,134,177,215,247,261,276,284,301,316,339,352,369,376,382,382,381,380,385,379,384,384,382,378,370,367,356,352,344,331,321,312,300,289,282,263,255,244,235,229,220,212,204,194,187,181,172,163,152,137,132,117,105,94,79,63,46,38,21,8,10",56,232.51196428571
,9181825,98132,57,236.56,234.13,23.37,142.95,140.8,625.1,1126.33,113.95,573.93,34.11,163,280.7,382.51,52.8,37.5,0.75,1.81,0.96,"56,43,89,135,175,205,234,250,259,272,280,294,311,329,338,355,361,368,367,370,372,376,380,383,382,381,374,368,359,351,342,334,319,304,291,277,264,256,241,229,220,209,203,197,189,182,174,169,159,152,143,132,125,118,109,94,86,70,53,45,30,14,7,7",57,232.58298245614
,9181825,98133,58,232.37,234.32,23.81,145.42,140.8,636.09,1099.38,114.63,573.06,34.69,164,277.19,378.36,52.8,37.5,0.76,1.76,0.96,"56,40,72,125,169,199,230,238,248,257,269,276,297,308,325,338,349,359,363,365,371,372,377,378,375,373,365,355,350,342,332,321,312,298,288,273,263,253,243,230,228,217,219,218,209,205,197,190,182,176,165,153,143,134,117,103,88,73,62,42,29,18,7,5",58,232.57931034483
,9181825,98134,59,236.19,234,24.52,147.95,140.8,646.82,1073.08,114.01,606.23,35.29,164,296.65,409.66,52.8,37.5,0.75,1.7,0.96,"57,39,63,111,158,192,222,242,256,265,281,295,315,325,339,351,363,369,379,383,393,396,402,410,406,405,403,395,392,387,381,370,357,345,333,314,309,288,276,266,250,241,235,223,215,202,197,186,178,170,158,146,133,128,108,97,87,68,54,56,35,15,15,10",59,232.64050847458
,9181825,98135,60,246.07,234.89,24.98,150.2,140.8,657.5,1068.07,112.46,567.38,35.86,164,279.24,366.19,52.8,37.5,0.74,1.66,0.96,"58,49,92,136,176,213,235,249,254,266,276,293,308,317,332,344,349,356,356,360,359,363,363,366,360,361,354,350,344,336,329,321,308,298,284,273,265,253,244,232,223,215,207,203,189,190,183,172,173,162,151,146,133,122,114,99,90,76,57,49,27,6,19,11",60,232.86433333333
,9181825,98136,61,239.91,234.69,24.42,152.71,138.6,668.33,1083.1,113.42,578.22,36.44,164,287.58,374.74,50.6,36.51,0.74,1.72,0.96,"57,48,82,139,179,217,246,261,273,283,297,308,327,336,356,359,366,369,367,366,368,369,375,369,370,368,360,353,350,341,329,324,313,296,291,275,267,259,247,239,230,225,222,211,203,195,186,176,173,160,147,140,131,118,109,99,78,69,55,31,17,19,2",61,232.97983606557
,9181825,98137,62,241.86,234.77,25.22,155.1,136.4,678.85,1051.54,113.11,557.83,37,165,280.28,372.11,39.6,29.03,0.72,1.66,0.96,"58,41,67,119,167,203,232,254,261,276,292,309,323,338,350,365,368,372,369,365,363,366,366,365,359,357,350,347,343,336,329,320,305,294,280,270,259,248,236,227,216,210,204,190,189,181,173,168,155,146,135,126,115,102,91,79,68,53,47,40,15,6",62,233.12306451613
,9181825,98138,63,238.11,235.03,24.26,157.53,140.8,689.72,1087.7,113.7,589.65,37.59,165,286.95,390.35,57.2,40.63,0.75,1.73,0.96,"57,44,88,134,172,205,228,244,252,261,273,289,308,318,337,351,362,367,370,369,376,379,387,388,389,390,383,379,374,364,361,352,340,326,316,301,290,275,262,248,241,228,220,207,197,190,183,178,170,159,150,143,130,126,113,103,94,74,63,46,32,15,15,0",63,233.20222222222
,9181825,98139,64,240.68,235.31,24.22,159.96,140.8,700.66,1093.14,113.29,590.16,38.18,166,285.94,389,55,39.06,0.75,1.73,0.96,"57,42,69,119,163,197,233,254,266,276,288,298,314,323,339,350,357,366,369,367,374,378,384,387,389,387,383,370,367,358,350,347,333,324,316,300,291,273,259,248,234,228,221,205,206,196,191,183,172,163,152,149,136,130,119,106,94,77,65,44,34,21,4,8",64,233.3190625
,9181825,98140,65,238,235.23,23.66,162.52,143,711.8,1114.9,113.72,563.23,38.74,166,265.49,374.95,59.4,41.54,0.77,1.77,0.96,"57,32,61,103,145,176,200,214,218,226,231,242,254,266,283,300,314,330,336,344,348,357,361,367,372,374,375,375,369,366,356,350,341,328,317,306,291,281,265,250,238,224,215,205,196,191,179,175,163,156,149,140,139,124,123,112,97,88,69,60,49,34,23,16,1",65,233.39107692308
,9181825,98141,66,236.63,235.64,24.67,164.86,140.8,722.48,1067.2,113.94,601.32,39.34,166,290.76,406.43,55,39.06,0.75,1.68,0.96,"57,36,68,119,169,209,236,255,253,259,267,275,292,306,322,340,348,362,367,372,375,384,393,402,406,406,400,394,386,380,376,369,356,346,328,317,299,288,277,267,256,247,232,224,211,201,196,182,171,162,149,140,130,129,117,110,94,79,65,56,38,21,23,7",66,233.44015151515
,9181825,98142,67,242.72,235.57,24.18,167.39,138.6,733.46,1098.15,112.98,613.3,39.96,166,303.65,426.39,52.8,38.1,0.73,1.75,0.95,"57,40,61,117,167,195,223,243,251,263,276,291,307,329,346,364,378,389,397,404,408,414,418,426,423,423,417,411,400,392,382,369,358,344,333,322,301,291,277,263,256,244,233,224,212,202,191,180,165,162,148,139,133,123,115,104,88,74,64,58,38,8,22",67,233.57865671642
,9181825,98143,68,250.47,235.32,24.45,169.95,140.8,744.43,1097.29,111.8,615.16,40.57,167,301.42,417.66,52.8,37.5,0.73,1.72,0.95,"59,38,79,133,183,218,255,273,278,291,297,311,329,348,359,376,388,394,395,398,400,408,412,418,414,414,407,401,391,381,370,359,345,331,318,304,288,276,259,248,240,228,222,213,204,196,185,177,166,160,151,141,133,127,113,107,93,77,69,53,40,26,8,6",68,233.82705882353
,9181825,98144,69,251.01,236.26,24.33,172.24,138.6,755.47,1103.63,111.72,585.81,41.16,167,289.38,393.01,52.8,38.1,0.73,1.74,0.96,"59,45,69,118,160,191,221,241,253,263,280,294,317,330,348,363,374,383,387,384,391,385,391,393,391,388,382,373,368,361,357,346,337,323,313,299,283,270,255,241,231,219,209,205,196,189,180,171,162,155,150,136,130,119,111,99,86,70,54,48,34,15,7",69,234.07608695652
,9181825,98145,70,243.63,236.24,23.64,174.81,136.4,766.72,1124.87,112.84,598.78,41.75,167,299.41,426.04,50.6,37.1,0.72,1.82,0.95,"57,41,85,135,180,220,249,266,275,292,304,325,344,364,385,400,407,412,410,417,414,422,426,421,418,409,399,394,384,377,360,348,333,318,308,293,274,265,247,234,224,212,206,195,185,176,163,156,148,139,128,124,116,105,95,81,64,54,46,32,15,3",70,234.21257142857
,9181825,98146,71,243.02,236.5,23.85,177.28,138.6,777.85,1113.64,112.93,604.15,42.36,167,297.29,396.54,57.2,41.27,0.73,1.79,0.95,"57,57,101,164,194,230,254,261,278,289,302,317,330,342,354,362,370,372,376,374,380,384,392,395,396,397,392,383,376,369,360,349,339,322,314,296,283,273,255,246,238,227,221,213,206,200,199,184,179,170,155,147,138,126,115,101,83,73,64,36,20,20,3",71,234.33661971831
,9181825,98147,72,242.56,236.54,23.51,179.85,140.8,789.14,1129.23,113,588.37,42.95,167,284.13,383.09,50.6,35.94,0.74,1.81,0.95,"57,53,102,154,192,225,248,259,266,277,292,305,325,336,351,361,366,368,368,363,370,375,383,382,383,380,377,373,367,361,352,343,334,316,308,290,274,264,246,237,228,222,212,204,196,185,184,168,165,152,145,139,128,120,109,97,86,76,65,40,18,24,11,6",72,234.45083333333
,9181825,98148,73,242.76,236.09,24.68,182.42,138.6,799.91,1076.21,112.97,599.31,43.55,168,294.01,401.53,50.6,36.51,0.73,1.7,0.96,"58,54,97,154,189,227,253,270,285,297,309,318,336,347,366,379,390,398,399,398,397,399,402,398,399,398,397,388,386,373,364,353,337,324,308,288,276,256,245,232,222,212,204,194,183,176,165,160,152,143,138,128,120,115,107,91,83,70,62,40,26,24,11",73,234.56465753425
,9181825,98149,74,246.19,236.81,24.54,184.71,134.2,810.78,1087.05,112.44,599.6,44.15,167,306.78,423.35,52.8,39.34,0.7,1.74,0.95,"58,57,99,150,194,234,264,281,294,306,318,335,350,368,384,404,407,417,414,415,415,421,420,423,417,415,411,402,396,384,369,360,343,324,307,288,269,256,243,223,211,201,190,181,170,163,150,146,132,127,119,111,107,97,88,76,64,52,48,36,20",74,234.72175675676
,9181825,98150,75,248.83,237.2,24.54,187.09,136.4,821.69,1091.1,112.04,598.46,44.74,168,300.45,406.2,50.6,37.1,0.71,1.73,0.95,"58,58,112,164,201,235,257,273,285,302,321,338,357,368,381,389,396,402,402,398,402,401,406,403,403,399,393,384,378,365,358,351,334,323,307,288,276,263,252,233,225,214,202,191,182,167,156,150,141,131,125,121,116,108,98,82,70,62,48,32,16,18",75,234.90986666667
,9181825,98151,76,245.13,237.38,23.61,189.61,138.6,832.97,1128.59,112.6,590.75,45.34,169,287.5,405.94,50.6,36.51,0.73,1.81,0.96,"58,50,89,147,189,228,256,272,283,291,303,319,337,355,374,383,396,399,403,399,401,403,406,403,401,394,385,375,367,354,344,330,313,301,288,271,261,247,230,223,213,205,200,192,183,176,169,160,157,146,142,133,123,116,102,94,79,69,56,38,27,19,11",76,235.04434210526
,9181825,98152,77,243.26,237.6,23.86,192.09,140.8,844.11,1113.56,112.89,612.89,45.95,170,292.81,420.18,52.8,37.5,0.74,1.78,0.95,"57,57,105,162,204,237,256,266,270,287,299,317,332,352,365,380,391,397,401,402,408,415,414,420,413,414,403,397,387,376,363,353,337,323,311,296,285,272,258,241,236,222,212,201,191,184,171,170,157,151,144,140,128,119,113,97,91,81,61,52,36,22,20,0",77,235.15103896104
,9181825,98153,78,244.22,237.06,23.7,194.79,140.8,855.34,1122.86,112.74,601.95,46.55,170,287.17,413.56,52.8,37.5,0.74,1.79,0.95,"57,48,73,136,185,221,252,269,283,297,308,324,338,355,368,380,391,397,400,400,401,409,410,414,409,402,390,379,364,357,344,338,328,313,301,286,270,262,244,234,223,213,208,200,193,187,178,169,162,150,145,137,126,120,107,97,89,77,60,50,36,22,24,9",78,235.26730769231
,9181825,98154,79,243.86,237.79,23.86,197.13,138.6,866.48,1114.43,112.8,618.52,47.17,171,298.12,413.05,50.6,36.51,0.73,1.79,0.96,"57,56,97,152,193,230,257,273,285,297,309,321,340,353,369,379,386,391,393,393,404,404,413,412,412,409,405,393,384,380,374,369,361,343,329,311,298,285,269,258,243,239,227,217,206,192,187,172,164,155,151,138,132,124,107,99,89,71,57,39,23,15,5",79,235.37607594937
,9181825,98155,80,246.56,238.02,23.48,199.65,140.8,877.85,1137.01,112.39,615.83,47.78,171,291.51,409.61,52.8,37.5,0.74,1.81,0.96,"57,40,72,125,162,197,225,239,248,258,271,288,308,329,343,363,375,383,386,390,394,403,404,410,404,407,398,394,390,383,379,370,360,344,331,317,301,293,276,265,256,247,239,231,223,213,204,195,186,179,168,157,145,138,120,112,96,80,70,56,46,30,21,7",80,235.515875
,9181825,98156,81,246.45,238,23.73,202.21,138.6,889.1,1124.65,112.4,596.09,48.38,172,286.04,409.92,50.6,36.51,0.73,1.8,0.95,"57,52,102,158,209,244,272,282,286,295,309,322,348,363,380,395,404,404,405,402,404,405,410,408,406,396,392,380,374,367,356,346,327,312,297,280,266,250,229,220,210,198,191,182,171,164,163,150,148,143,135,128,120,110,93,89,73,57,52,36,26,17,11",81,235.65086419753
,9181825,98157,82,247.4,238.26,24.71,204.6,140.8,899.91,1081.58,112.26,599.18,48.98,171,285.62,396.94,52.8,37.5,0.74,1.69,0.95,"58,54,104,156,195,229,249,267,281,295,310,326,342,360,367,382,383,388,383,384,390,392,395,397,391,390,382,375,368,361,353,342,329,316,295,283,266,253,242,233,225,215,207,194,187,182,171,164,157,155,148,144,137,125,115,105,94,74,60,48,32,22,15,3",82,235.79414634146
,9181825,98158,83,248.94,238.29,24.51,207.07,140.8,910.84,1092.46,112.03,617.9,49.6,172,293.13,408.32,52.8,37.5,0.74,1.71,0.95,"58,42,69,126,166,201,230,248,265,279,294,307,326,340,357,375,382,393,394,402,401,405,407,408,400,400,395,387,383,381,372,365,352,338,324,311,296,284,270,259,249,240,233,221,209,204,195,188,177,172,162,159,149,139,129,113,103,87,73,63,38,26,26,8",83,235.95253012048
,9181825,98159,84,256.86,238.73,25.4,209.37,138.6,921.49,1065.41,110.86,600,50.2,171,293.55,380.43,48.4,34.92,0.72,1.65,0.95,"60,59,100,157,195,232,262,273,288,299,306,325,336,352,366,372,378,377,374,374,373,380,374,377,375,371,370,364,359,359,346,345,332,323,312,297,286,268,257,246,234,225,213,206,199,192,189,176,172,167,157,156,138,130,111,101,87,71,60,42,34,18,12",84,236.20142857143
,9181825,98160,85,254.07,238.85,24.82,211.8,140.8,932.36,1086.25,111.27,573.84,50.77,171,273.23,378.6,48.4,34.38,0.74,1.68,0.96,"60,30,69,112,154,189,218,237,249,259,267,281,294,314,330,346,356,363,371,372,375,379,369,372,368,365,356,353,348,340,334,320,308,301,287,282,269,260,250,242,233,227,221,213,206,200,189,186,179,170,165,155,148,138,127,109,96,78,60,44,29,17,11,3",85,236.41164705882
,9181825,98161,86,246.36,239.04,23.96,214.27,143,943.49,1113.9,112.42,605.89,51.38,171,283.74,377.78,50.6,35.38,0.75,1.76,0.95,"57,54,102,163,206,248,272,288,301,306,317,323,339,346,358,364,364,362,364,362,371,373,377,378,375,373,370,361,358,352,345,337,326,311,300,286,274,260,249,238,229,223,217,212,208,201,194,189,182,175,172,163,153,146,127,115,99,87,73,55,42,18,14,6,3",86,236.5273255814
,9181825,98162,87,249.33,239.22,24.92,216.66,140.8,954.25,1075.09,111.97,612.33,51.99,171,293.3,384,35.2,25,0.73,1.67,0.95,"59,59,101,155,198,237,267,286,300,313,328,343,360,369,383,384,383,380,376,371,374,370,368,369,370,367,362,360,356,348,346,336,328,318,307,294,282,269,262,251,242,234,226,215,211,200,193,190,183,175,166,156,147,143,131,115,103,81,69,58,44,16,20,2",87,236.67448275862
,9181825,98163,88,258.09,239.12,25.7,219.09,143,964.79,1054.78,110.69,607.05,52.6,171,287.82,392.56,57.2,40,0.74,1.59,0.95,"60,42,73,122,160,189,213,240,250,262,278,282,302,312,326,339,346,354,361,357,369,372,383,387,389,393,388,379,378,364,364,351,338,330,315,304,296,282,272,266,253,247,241,225,224,218,209,208,199,191,184,175,165,155,149,131,115,100,82,63,46,36,26,14,5",88,236.91784090909
,9181825,98164,89,253.16,239.6,24.09,221.48,140.8,975.97,1118.1,111.4,584.75,53.18,170,280.29,358.71,55,39.06,0.74,1.75,0.96,"59,56,103,155,193,231,258,276,287,296,308,312,324,336,342,347,352,348,350,344,346,350,354,358,359,356,354,344,341,334,326,323,312,303,296,277,269,262,248,239,233,223,217,213,206,194,191,184,179,176,167,157,148,136,119,107,93,80,68,50,34,28,23,1",89,237.10033707865
,9181825,98165,90,240.92,239.65,23.32,224.04,140.8,987.33,1135.69,113.26,573.88,53.76,171,268.6,362.6,55,39.06,0.75,1.82,0.96,"57,55,99,159,197,225,246,257,266,277,285,293,307,311,318,323,329,333,339,341,347,348,358,360,363,361,356,351,347,341,336,328,320,308,298,281,270,260,245,238,229,216,214,206,196,192,185,179,176,167,159,152,137,128,119,102,94,79,64,53,34,17,17,5",90,237.14277777778
,9181825,98166,91,232.95,239.69,23.49,226.56,143,998.48,1115.24,114.53,552.5,54.31,171,251.09,326.31,39.6,27.69,0.77,1.78,0.96,"56,39,69,120,162,197,223,249,257,273,282,288,300,305,312,321,320,326,325,321,322,321,321,326,320,318,311,304,297,297,294,291,290,281,274,266,256,250,240,232,226,220,213,211,206,197,194,188,182,179,171,165,157,155,141,129,113,95,79,66,45,27,25,14,7",91,237.0967032967
,9181825,98167,92,228.98,239.49,24.05,229.08,143,1009.31,1082.83,115.19,596.92,54.91,171,273.05,374.52,59.4,41.54,0.77,1.73,0.95,"55,40,70,121,164,201,228,249,254,264,271,280,292,306,320,331,340,349,351,356,355,361,364,372,373,374,374,375,369,366,360,352,341,332,320,308,296,289,275,267,255,243,238,229,222,214,206,198,188,183,171,164,152,143,132,115,104,89,74,68,43,23,28,15,2",92,237.00847826087
,9181825,98168,93,232.39,239.6,22.84,231.64,143,1020.77,1145.94,114.63,604.47,55.51,171,277.46,400.62,55,38.46,0.76,1.86,0.96,"55,35,64,112,169,205,238,261,272,282,295,306,317,333,344,358,368,377,381,385,384,389,395,399,400,401,392,388,378,370,364,352,341,327,313,303,280,271,256,245,237,233,226,216,212,200,188,185,175,168,159,149,142,129,127,106,95,85,66,59,40,27,25,17,1",93,236.9588172043
,9181825,98169,94,234.1,239.09,22.68,234.43,143,1032.34,1156.74,114.35,633.91,56.14,171,293.36,418.8,52.8,36.92,0.76,1.89,0.95,"55,46,80,137,185,216,252,271,281,304,313,333,349,366,376,386,397,404,405,413,408,416,418,419,418,410,400,392,380,374,364,356,344,333,319,301,290,275,267,259,248,240,231,227,219,213,206,200,189,184,171,166,155,145,140,120,111,93,73,58,40,22,17,3,10",94,236.92840425532
,9181825,98170,95,238.36,239.65,22.95,236.86,140.8,1043.84,1149.9,113.66,587.84,56.73,170,277.15,390.1,52.8,37.5,0.75,1.87,0.95,"56,54,90,135,173,199,222,244,255,278,288,306,322,333,351,362,372,381,381,388,383,387,389,390,385,385,379,374,366,362,353,343,330,319,302,288,277,263,252,239,227,215,207,201,191,183,176,169,159,154,145,134,128,119,104,96,89,77,68,54,32,18,22,11",95,236.94347368421
,9181825,98171,96,231.3,239.57,22.53,239.52,138.6,1055.43,1159.63,114.81,614.06,57.35,171,292.19,430.32,44,31.75,0.74,1.93,0.95,"55,44,82,130,175,214,250,280,299,321,338,352,369,382,394,408,411,426,426,430,426,425,428,428,426,420,409,402,387,378,366,351,337,323,311,293,278,267,249,238,223,212,198,192,179,171,164,153,146,136,131,124,120,110,99,89,70,66,55,43,30,15,21",96,236.8846875
,9181825,98172,97,230.78,239.45,21.9,242.27,140.8,1067.36,1192.54,114.89,613.04,57.96,171,285.27,428.82,52.8,37.5,0.75,1.99,0.96,"54,27,58,100,157,188,225,250,265,286,304,325,341,362,374,388,403,410,418,419,420,424,422,429,419,414,411,401,391,386,374,366,352,340,322,307,286,273,258,244,237,224,215,207,195,185,178,172,157,156,145,140,134,121,116,99,87,78,63,51,36,19,12,2",97,236.82175257732
,9181825,98173,98,231.86,239.4,22.5,244.92,140.8,1078.98,1162.07,114.71,606.57,58.57,172,280.84,394.09,46.2,32.81,0.75,1.91,0.96,"55,49,88,137,175,209,236,253,271,284,300,316,335,347,360,370,379,382,388,389,394,392,393,390,387,383,382,375,370,368,361,355,345,332,319,304,292,278,265,251,239,226,219,209,203,191,188,174,169,161,152,150,141,136,121,114,97,83,70,53,42,23,17,6",98,236.77112244898
,9181825,98174,99,235.72,239.49,22.63,247.53,145.2,1090.6,1161.93,114.08,668.53,59.23,172,304.88,415.41,52.8,36.36,0.76,1.89,0.96,"55,45,87,146,185,227,250,275,293,313,332,348,362,373,380,386,388,394,395,398,402,404,409,415,409,410,409,407,400,400,394,390,382,369,353,339,323,316,303,291,277,266,259,251,245,233,225,216,208,203,190,186,171,166,158,138,126,108,90,77,55,35,30,24,0,2",99,236.76050505051
,9181825,98175,100,245.41,239.6,22.84,250.14,138.6,1102.27,1166.9,112.56,590.48,59.82,171,283.34,411.32,55,39.68,0.73,1.9,0.95,"57,50,95,144,188,229,254,273,284,290,303,313,332,345,362,378,388,391,395,395,400,403,411,410,411,403,396,390,385,373,364,350,331,315,296,278,262,248,235,224,216,204,198,184,177,166,159,154,148,145,138,130,117,109,98,86,74,57,43,34,28,7,7",100,236.847
,9181825,98176,101,235.63,239.47,22.85,252.79,138.6,1113.78,1150.66,114.1,615.85,60.44,172,291.43,439.95,52.8,38.1,0.74,1.89,0.96,"56,27,58,99,147,189,225,254,267,281,293,308,330,352,371,389,403,412,423,429,427,434,437,440,437,431,421,409,392,386,368,360,344,329,317,305,292,282,272,260,255,242,233,221,200,195,184,176,165,158,141,135,128,116,107,95,83,68,60,46,29,17,14",101,236.83495049505
,9181825,98177,102,235.7,239.58,22.91,255.36,136.4,1125.25,1147.92,114.09,543.4,60.98,172,257.76,362,41.8,30.65,0.74,1.88,0.96,"56,43,82,134,180,213,242,256,264,274,287,301,316,330,345,350,359,361,362,359,358,360,361,360,361,352,340,328,320,314,307,298,285,269,262,242,234,223,214,204,201,196,190,186,181,177,170,166,154,146,137,130,120,109,100,79,68,55,43,28,12,14",102,236.82382352941
,9181825,98178,103,226.8,239.45,23.86,257.88,140.8,1136.14,1088.15,115.56,555.54,61.54,173,253.31,375.05,44,31.25,0.76,1.75,0.96,"55,36,67,113,164,206,237,266,273,287,299,314,330,340,352,362,370,374,374,375,369,373,371,371,362,357,348,336,327,321,306,300,290,275,265,249,237,223,213,204,190,188,184,178,171,170,159,156,148,139,134,127,126,115,108,100,89,77,64,57,34,18,23,9",103,236.72650485437
,9181825,98179,104,223.39,239.35,23.17,260.44,140.8,1147.28,1114.66,116.14,589.36,62.13,173,268.61,395.58,52.8,37.5,0.76,1.83,0.96,"54,24,60,103,156,194,228,256,273,295,308,322,340,353,362,378,384,391,391,389,388,391,391,396,390,390,382,373,364,355,345,335,324,309,294,284,269,259,248,233,226,215,208,197,192,186,176,175,160,157,146,139,129,118,111,98,89,71,60,51,41,29,9,13",104,236.59826923077
,9181825,98180,105,229.93,239.31,23.61,262.96,140.8,1158.33,1104.4,115.03,585.86,62.71,172,270.7,395.37,48.4,34.38,0.75,1.79,0.95,"55,52,71,129,171,195,222,243,258,279,300,317,334,348,354,368,375,382,385,388,391,395,395,395,388,388,376,368,360,349,340,327,313,297,284,275,261,254,239,232,223,214,208,197,193,186,182,175,167,158,151,144,130,123,110,97,86,75,63,50,43,24,21,6",105,236.53476190476
,9181825,98181,106,232.7,239.33,23.52,265.49,140.8,1169.46,1113.36,114.58,612,63.33,172,285.04,409.59,44,31.25,0.75,1.8,0.95,"55,40,70,128,181,217,252,267,273,286,298,316,333,352,369,384,392,400,401,410,403,410,408,407,404,395,387,380,367,360,351,339,327,319,304,288,279,264,254,249,236,229,221,215,209,205,198,190,183,174,165,156,147,138,124,113,92,78,65,59,36,17,25,2",106,236.49858490566
,9181825,98182,107,236.72,238.82,23.3,268.24,143,1180.76,1130.01,113.92,566.19,63.89,173,256.04,369.81,59.4,41.54,0.77,1.81,0.96,"56,33,62,107,155,190,219,236,240,247,258,267,278,294,304,319,327,336,338,345,348,354,360,367,366,368,370,363,353,346,337,326,321,307,293,286,262,258,244,233,227,220,211,211,205,195,191,185,174,170,163,149,140,131,120,111,100,87,76,65,51,28,25,17,1",107,236.50065420561
,9181825,98183,108,228.46,239.19,23.14,270.66,140.8,1192.01,1124.8,115.28,577.39,64.47,172,265.53,400.78,50.6,35.94,0.76,1.83,0.95,"55,45,74,127,168,197,226,241,251,262,277,291,312,327,344,355,370,373,381,384,388,394,401,400,399,395,388,371,361,347,335,320,307,292,282,265,253,241,228,224,217,210,201,196,187,182,176,166,161,154,153,141,137,130,116,105,94,78,67,56,34,23,16,1",108,236.4262037037
,9181825,98184,109,228.2,238.89,22.82,273.36,145.2,1203.41,1139.93,115.32,619.85,65.09,173,277.02,401.69,52.8,36.36,0.78,1.85,0.95,"54,52,99,154,191,226,248,267,278,294,302,314,326,338,345,360,368,375,378,380,384,390,397,402,399,400,385,376,362,359,347,339,330,318,307,295,281,269,255,245,240,229,229,223,214,213,204,195,187,182,172,169,162,155,146,133,121,104,93,76,55,41,24,15,2,7",109,236.35073394495
,9181825,98185,110,234,239.16,23.1,275.83,143,1214.76,1135.53,114.36,593.55,65.68,173,268.74,388.55,55,38.46,0.77,1.83,0.96,"56,30,58,106,154,185,212,234,249,266,285,292,310,321,331,339,348,355,363,366,372,372,380,383,389,387,386,374,368,361,354,347,337,327,316,303,291,277,267,254,245,237,224,218,209,195,189,179,169,164,157,150,141,135,130,115,112,97,82,70,52,42,24,18,12",110,236.32936363636
,9181825,98186,111,234.47,239.15,23.29,278.4,143,1226.03,1127.11,114.29,581.41,66.26,172,264.72,367.6,50.6,35.38,0.77,1.81,0.96,"56,45,76,133,175,208,243,257,272,282,291,299,313,321,337,344,351,357,356,356,359,360,368,364,363,362,357,349,345,338,327,324,312,302,296,276,272,257,248,241,227,218,212,205,201,194,192,180,179,171,158,155,143,137,127,119,105,90,79,51,41,32,21,16,4",111,236.31261261261
,9181825,98187,112,227.77,239.09,22.8,281.01,140.8,1237.44,1140.38,115.4,565.15,66.83,173,257.73,374.84,41.8,29.69,0.76,1.87,0.95,"54,51,86,143,185,215,241,251,262,278,292,306,323,336,348,361,367,372,375,368,372,368,366,363,358,352,346,339,331,320,312,297,293,278,271,261,247,242,227,221,214,206,204,191,187,179,177,169,167,157,151,142,135,125,112,102,84,73,53,42,28,19,14,7",112,236.23633928571
,9181825,98188,113,224.74,238.95,23.04,283.62,145.2,1248.67,1123.42,115.91,605.44,67.44,173,268.66,391.18,55,37.88,0.78,1.82,0.96,"54,38,72,120,156,189,213,236,261,275,303,314,329,342,346,355,363,360,373,370,379,382,385,391,391,386,384,374,369,364,356,345,337,319,305,289,272,259,244,236,229,217,216,211,203,201,193,188,182,177,174,166,163,161,152,144,133,109,96,77,53,40,27,16,3,7",113,236.13460176991
,9181825,98189,114,229.2,238.93,23.14,286.18,143,1259.93,1125.89,115.16,554.44,67.99,173,247.62,380.26,52.8,36.92,0.78,1.82,0.96,"55,38,65,111,148,175,191,203,207,213,227,238,255,271,286,305,318,331,342,354,358,372,377,380,378,374,367,361,351,343,330,324,311,299,287,272,257,250,240,231,221,216,207,203,195,186,184,174,175,168,160,157,149,144,132,121,104,89,77,57,39,23,22,15,6",114,236.07377192982
,9181825,98190,115,226.41,238.83,23.36,288.75,143,1271.04,1110.77,115.63,620.71,68.61,173,280.62,413.53,50.6,35.38,0.77,1.8,0.96,"54,36,65,113,157,191,226,248,264,277,296,306,332,349,371,388,398,405,410,408,411,409,414,411,409,405,397,384,375,366,361,347,342,330,314,306,292,276,274,257,247,238,227,221,214,206,199,189,183,176,163,160,149,148,137,122,111,92,78,59,44,33,25,14,1",115,235.98973913043
,9181825,98191,116,236.85,238.91,23.81,291.22,138.6,1282.1,1106.02,113.9,570.58,69.18,172,268.38,385.95,50.6,36.51,0.74,1.78,0.96,"56,42,60,107,153,193,228,252,270,272,288,301,319,331,348,360,373,377,382,381,380,381,386,380,379,373,364,357,352,343,333,325,312,298,288,274,264,244,239,225,213,210,201,193,185,177,168,163,157,155,145,141,132,120,112,94,83,71,58,49,38,20,10",116,235.99715517241
,9181825,98192,117,227.22,238.74,22.44,293.92,138.6,1293.67,1157.57,115.49,574.95,69.76,173,265.85,385.33,41.8,30.16,0.75,1.92,0.95,"54,50,85,136,174,200,224,238,253,269,286,305,324,343,362,370,381,383,385,380,385,384,384,381,377,368,361,355,348,340,335,323,311,300,281,272,258,247,241,229,222,217,209,198,194,186,182,175,171,157,154,144,137,128,112,97,81,65,45,30,14,7,3",117,235.92213675214
,9181825,98193,118,222.72,238.68,22.32,296.58,140.8,1305.24,1156.29,116.26,598.5,70.35,174,271,406.83,44,31.25,0.76,1.93,0.96,"53,34,69,117,166,206,240,260,275,288,301,319,337,359,371,388,398,406,406,407,400,403,396,395,389,385,374,365,358,350,341,334,321,306,295,277,266,257,247,237,230,223,216,210,201,193,183,179,171,166,154,152,140,131,118,104,89,76,67,45,38,23,7,12",118,235.81025423729
,9181825,98194,119,232.13,238.62,23.8,299.1,143,1316.23,1099.11,114.67,588.73,70.94,174,265.39,375.35,52.8,36.92,0.76,1.76,0.96,"56,33,61,105,162,199,235,262,275,291,303,320,333,346,355,362,363,367,366,363,361,367,368,375,372,368,364,357,347,345,340,332,328,314,300,290,271,261,248,236,225,220,212,208,202,196,188,185,177,170,163,156,145,136,129,111,101,87,73,58,40,27,19,14,3",119,235.77932773109
,9181825,98195,120,234.22,238.3,23.65,301.76,143,1327.32,1109.4,114.33,593.58,71.54,175,266.4,378.43,55,38.46,0.76,1.77,0.96,"56,36,59,103,155,188,216,246,261,276,296,305,323,333,343,348,357,361,366,365,368,370,378,375,378,375,372,368,364,356,347,339,327,317,307,294,282,269,261,246,241,233,224,218,211,203,195,190,182,175,166,156,149,136,130,117,102,93,78,61,48,32,21,17,6",120,235.76633333333
,9181825,98196,121,236.56,238.64,24.07,304.1,140.8,1338.26,1093.93,113.95,554.45,72.09,175,252.2,348.14,39.6,28.13,0.75,1.74,0.96,"57,43,73,130,181,219,250,268,267,278,287,297,314,321,330,342,340,348,344,340,343,343,345,346,336,336,331,326,326,317,314,310,298,293,278,268,252,247,232,223,218,209,203,199,187,179,175,164,158,151,141,136,128,120,112,100,85,72,58,45,32,27,25,10",121,235.77289256198
,9181825,98197,122,227.57,238.65,23.42,306.62,140.8,1349.36,1109.82,115.43,558.29,72.65,175,251.14,366.13,41.8,29.69,0.76,1.8,0.96,"55,35,58,114,162,200,236,255,267,278,293,301,317,326,343,351,362,366,366,358,359,360,356,355,347,341,336,331,324,316,313,303,298,288,276,261,254,243,238,227,222,214,209,202,192,185,175,170,161,156,151,141,130,125,111,95,88,68,52,43,27,18,18,8",122,235.70565573771
,9181825,98198,123,225.03,238.5,23.99,309.13,140.8,1360.15,1079.47,115.86,524.89,73.17,175,233.81,340.37,52.8,37.5,0.77,1.73,0.96,"55,30,56,101,147,186,216,239,247,258,268,281,290,298,306,311,315,325,326,330,335,337,339,340,334,329,323,316,304,297,290,281,274,262,252,242,226,220,211,202,199,195,188,187,182,176,172,169,163,158,154,144,136,128,116,106,92,75,63,49,34,17,18,2",123,235.61886178862
,9181825,98199,124,215.91,238.32,22.9,311.74,140.8,1371.31,1115.27,117.47,583.34,73.76,175,260.23,377.9,44,31.25,0.77,1.85,0.96,"53,36,69,112,159,195,231,258,276,295,311,325,336,348,351,363,370,376,376,378,376,376,378,376,372,371,365,361,354,352,343,337,329,313,305,289,274,264,248,237,230,218,213,206,193,185,176,166,156,155,139,140,128,117,112,98,93,69,61,44,30,23,14,9",124,235.45991935484
,9181825,98200,125,220.52,238.11,22.44,314.44,140.8,1382.77,1146.24,116.65,603.15,74.36,175,271.64,404.1,48.4,34.38,0.76,1.91,0.96,"53,52,99,154,198,234,259,277,293,306,317,332,341,357,364,376,382,386,390,396,399,404,403,401,396,391,376,370,358,352,338,326,312,298,284,274,261,255,249,241,234,225,216,210,203,198,187,182,172,164,157,147,140,127,122,106,93,76,58,43,28,12,3,4",125,235.3404
,9181825,98201,126,224.45,238.15,22.77,317.01,138.6,1394.13,1135.93,115.96,562.49,74.92,175,255.9,367.19,46.2,33.33,0.75,1.88,0.96,"54,45,70,124,163,197,228,245,262,273,286,299,312,324,337,348,355,358,365,362,367,366,367,363,359,358,349,347,343,340,337,329,318,303,297,280,269,257,243,233,223,214,207,196,192,183,173,167,158,148,143,131,123,112,102,91,71,64,52,30,27,18,7",126,235.25396825397
,9181825,98202,127,222.77,238.09,22.71,319.62,140.8,1405.49,1136.31,116.25,627.6,75.55,175,283.96,413.5,57.2,40.63,0.76,1.88,0.96,"53,39,66,120,173,209,245,266,281,298,313,328,343,358,368,382,389,396,393,396,395,401,406,410,413,414,410,404,396,391,379,369,353,339,325,314,299,286,274,260,252,241,230,225,213,209,199,189,184,176,167,162,147,138,125,112,97,80,67,53,42,23,21,12",127,235.15566929134
,9181825,98203,128,237.23,238.05,23.53,322.18,140.8,1416.69,1119.95,113.84,595.8,76.15,175,273.34,397.04,55,39.06,0.75,1.8,0.95,"56,51,89,147,188,227,257,271,283,297,304,319,333,344,357,364,371,377,382,380,387,387,393,393,397,389,387,376,366,356,344,332,320,309,295,279,267,259,245,236,225,214,208,202,196,189,182,178,171,160,159,142,136,129,114,99,85,78,60,47,36,19,7,4",128,235.171875
,9181825,98204,129,233.98,238.01,23.46,324.75,136.4,1427.87,1118.11,114.37,566.15,76.71,175,265.96,385.78,48.4,35.48,0.73,1.83,0.95,"56,55,105,148,184,223,246,261,272,280,293,308,321,338,343,355,361,364,371,373,379,386,384,386,379,377,368,363,353,344,331,321,308,297,280,269,256,243,234,222,218,209,203,195,181,178,168,161,153,146,133,130,123,104,93,76,60,47,36,23,12,1",129,235.16263565891
,9181825,98205,130,233.76,238.13,24,327.18,138.6,1438.8,1092.57,114.4,612.35,77.33,176,283.77,413.84,52.8,38.1,0.74,1.76,0.96,"56,47,79,134,175,209,241,257,274,289,300,319,333,346,365,369,385,387,393,400,404,408,413,414,413,409,407,400,399,387,378,364,352,338,327,310,296,284,267,260,246,236,229,217,211,198,190,181,174,159,152,137,127,120,104,93,83,58,46,42,19,5,9",130,235.15184615385
,9181825,98206,131,235.38,237.93,22.11,329.97,140.8,1450.68,1188.51,114.14,630.29,77.96,176,287.12,419.63,52.8,37.5,0.75,1.96,0.96,"55,33,62,111,166,206,248,274,288,306,321,338,357,373,387,401,407,415,411,411,412,417,416,420,418,412,406,396,387,379,369,363,349,341,322,309,291,276,271,256,247,237,226,218,216,207,193,192,178,173,165,156,145,139,126,109,101,79,64,56,40,27,7,13",131,235.15358778626
,9181825,98207,132,241.2,238.19,23.2,332.45,140.8,1462.1,1142.15,113.21,612.82,78.57,176,280.33,395,41.8,29.69,0.75,1.84,0.96,"57,42,72,129,170,204,236,257,276,292,309,322,343,356,371,377,386,389,394,390,393,393,395,393,390,385,379,373,369,362,354,346,332,319,311,291,285,277,267,259,254,243,235,227,218,207,203,194,187,179,170,157,149,140,126,113,99,86,68,56,31,17,9,4",132,235.19939393939
,9181825,98208,133,241.67,238.25,22.91,335.05,140.8,1473.68,1157.64,113.14,646.18,79.21,176,298.06,428.57,46.2,32.81,0.74,1.88,0.96,"56,44,82,136,182,226,255,280,302,316,340,356,379,391,404,411,416,420,425,424,429,423,426,425,424,417,413,406,398,391,386,371,362,346,330,318,301,289,277,263,249,242,230,221,215,202,191,184,173,168,164,155,147,131,125,109,97,85,67,55,49,12,12,4",133,235.24804511278
,9181825,98209,134,245.08,238.17,23.06,337.72,138.6,1485.23,1155.09,112.61,582.58,79.8,177,270.05,398.24,48.4,34.92,0.73,1.87,0.94,"57,55,106,155,190,226,253,265,274,286,293,310,325,342,354,366,374,382,384,391,394,398,397,397,391,387,377,371,359,351,335,322,307,291,284,265,257,248,236,232,221,213,203,196,188,179,174,165,158,151,140,131,121,116,102,91,77,64,52,37,27,12,8",134,235.32141791045
,9181825,98210,135,234.73,238.33,22.67,340.27,143,1496.81,1158.11,114.24,630.87,80.43,176,284.14,396.88,52.8,36.92,0.76,1.89,0.96,"56,50,84,137,174,215,243,270,293,308,331,345,363,371,381,388,392,390,394,391,395,394,395,397,395,392,388,382,383,373,369,360,343,331,321,302,295,281,270,257,250,239,232,228,218,209,205,194,191,183,174,168,155,150,134,123,109,93,80,64,46,19,19,9,2",135,235.31703703704
,9181825,98211,136,242.32,238.29,23.27,342.88,140.8,1508.22,1140.42,113.04,605.04,81.03,177,276.48,396.65,39.6,28.13,0.74,1.84,0.95,"56,49,86,141,192,231,267,290,307,317,333,344,360,371,382,389,395,397,396,393,393,390,393,391,387,380,373,363,354,342,337,324,320,306,294,281,267,257,246,233,226,218,208,205,197,188,185,175,170,160,155,150,142,135,125,108,94,77,59,49,30,7,12,1",136,235.36852941176
,9181825,98212,137,237.35,238.39,22.92,345.45,138.6,1519.72,1149.99,113.82,614.68,81.65,176,284.96,428.82,50.6,36.51,0.74,1.88,0.96,"56,41,65,108,157,187,219,242,259,278,298,317,340,357,376,389,404,412,422,419,424,424,429,426,427,419,413,402,396,386,377,365,348,334,318,303,290,280,270,256,250,234,226,218,204,199,187,176,169,160,151,145,132,122,111,89,80,64,50,44,25,15,6",137,235.38299270073
,9181825,98213,138,243.31,238.51,23.83,347.93,138.6,1530.87,1115.31,112.89,591.13,82.24,176,275.51,411.93,50.6,36.51,0.73,1.79,0.96,"57,47,75,128,175,215,252,274,286,303,311,324,347,354,376,389,401,408,410,408,409,407,412,408,403,388,376,366,353,347,340,324,314,304,289,278,268,252,243,232,221,215,207,198,190,181,173,162,155,143,136,127,115,110,96,86,75,61,46,44,32,7,11",138,235.44043478261
,9181825,98214,139,237.29,238.44,23.31,350.53,140.8,1542.18,1130.67,113.83,563.51,82.8,176,254.96,370.72,39.6,28.13,0.75,1.82,0.96,"56,40,75,129,173,208,236,251,266,271,288,298,319,331,347,360,366,371,368,366,364,362,363,362,362,354,354,339,333,324,317,310,304,287,280,263,252,245,228,223,214,203,197,191,179,171,170,162,157,150,141,131,125,116,107,98,87,82,69,60,49,32,23,10",139,235.45374100719
,9181825,98215,140,230.35,238.46,22.98,353.1,143,1553.53,1135.64,114.96,621.63,83.42,176,278.15,409.4,50.6,35.38,0.76,1.85,0.95,"54,41,83,127,180,221,255,278,290,304,314,332,344,360,371,379,385,388,389,397,397,406,409,409,405,404,396,394,387,377,367,356,340,329,313,301,285,274,259,252,239,232,226,217,209,204,194,189,182,174,169,156,154,136,130,121,98,86,63,46,28,21,11,2,6",140,235.41728571429
,9181825,98216,141,235.88,238.36,23.41,355.71,138.6,1564.77,1123.68,114.06,568.83,83.99,176,262.49,404.9,46.2,33.33,0.74,1.82,0.95,"56,50,91,144,187,223,250,267,272,286,297,315,332,351,366,382,390,399,399,400,404,405,404,399,392,387,369,364,347,336,322,305,290,269,251,238,222,217,202,198,192,186,185,175,172,169,162,157,154,147,138,133,122,111,102,89,76,63,46,34,22,13,10",141,235.42056737589
,9181825,98217,142,232.49,238.49,23.4,358.18,143,1575.96,1118.49,114.61,627.25,84.62,176,281.56,396.52,50.6,35.38,0.76,1.8,0.96,"55,39,64,113,155,199,237,264,290,304,321,335,355,365,381,386,392,392,392,392,395,389,396,397,397,395,394,390,391,384,378,367,352,337,321,307,291,278,266,252,243,236,230,224,218,210,207,199,192,187,177,166,158,147,134,124,111,91,78,60,52,19,4,21,6",142,235.39992957746
,9181825,98218,143,244.15,238.4,23.97,360.75,140.8,1587.05,1109.81,112.75,605.16,85.23,177,276.93,399.78,50.6,35.94,0.74,1.76,0.95,"57,54,96,141,183,221,248,264,276,287,299,316,331,344,362,372,381,388,390,390,394,395,400,392,391,386,378,375,369,362,357,345,336,317,309,291,277,269,251,242,236,227,222,214,210,201,195,184,177,166,159,147,136,126,117,107,91,79,66,46,32,22,7,5",143,235.46111888112
,9181825,98219,144,236.87,238.54,22,363.4,143,1599.03,1197.47,113.9,632.62,85.86,177,283.09,405.82,57.2,40,0.76,1.97,0.95,"55,49,94,144,184,212,239,257,271,291,303,323,336,353,362,376,385,396,397,399,402,403,404,404,400,406,400,399,396,387,380,371,358,348,332,326,308,297,286,272,262,253,239,228,218,214,199,193,186,171,170,157,147,134,122,118,101,91,75,53,46,28,18,10,1",144,235.47090277778
,9181825,98220,145,237.4,238.53,22.23,366.1,143,1610.89,1185.7,113.81,632.93,86.49,177,283.54,407.83,57.2,40,0.76,1.94,0.95,"55,46,74,135,177,207,234,257,272,294,308,325,341,350,364,372,378,389,384,390,392,399,403,406,406,408,403,400,395,392,384,380,363,349,331,316,305,292,279,269,260,251,240,230,218,214,203,197,188,177,174,165,159,150,136,127,111,95,79,59,46,28,16,4,5",145,235.48420689655
,9181825,98221,146,237.08,238.54,22.12,368.8,138.6,1622.79,1190.89,113.87,635.72,87.13,177,294.71,430.39,50.6,36.51,0.73,1.98,0.95,"55,53,100,159,201,248,277,290,304,314,332,352,370,389,404,407,417,417,422,420,425,426,430,430,430,421,412,401,392,385,376,362,348,332,320,302,289,279,259,254,244,233,223,215,206,196,193,178,175,163,160,144,137,127,109,101,78,64,56,36,18,10,3",146,235.4951369863
,9181825,98222,147,240.64,238.6,22.03,371.5,143,1634.81,1201.86,113.3,699.77,87.83,177,317.86,446.04,59.4,41.54,0.75,1.98,0.95,"55,41,81,132,180,213,244,268,284,313,334,359,380,395,407,420,424,432,430,434,435,441,442,445,445,445,446,442,437,432,423,418,405,395,378,368,351,340,325,309,298,285,279,266,257,247,232,227,208,201,187,179,171,159,151,138,126,109,90,71,56,39,18,20,5",147,235.53013605442
,9181825,98223,148,258.9,238.72,23.48,374.07,138.6,1646.37,1155.39,110.57,621.15,88.45,177,294.42,418,39.6,28.57,0.72,1.84,0.95,"59,55,99,165,212,257,288,307,317,332,345,359,374,389,398,410,414,418,414,416,415,418,416,414,407,400,385,377,371,358,350,339,317,317,298,285,276,258,244,238,231,223,214,207,196,191,184,174,167,157,151,141,129,121,106,94,80,65,51,34,20,9,12",148,235.68804054054
,9181825,98224,149,247.7,238.66,22.74,376.77,140.8,1658.13,1175.89,112.21,607.49,89.05,177,277.84,410.78,55,39.06,0.74,1.9,0.95,"57,47,89,141,178,209,229,246,256,260,275,280,302,314,332,350,360,373,381,386,395,397,403,406,411,408,403,394,386,374,368,357,345,328,315,297,282,272,262,253,247,240,232,222,220,204,201,192,181,178,169,161,148,141,125,113,97,80,64,50,34,22,22,11",149,235.76865771812
,9181825,98225,150,242.31,238.97,23.28,379.2,140.8,1669.53,1140.17,113.04,595.66,89.65,178,269.36,393.02,48.4,34.38,0.75,1.83,0.96,"57,36,64,116,160,199,231,256,268,283,296,311,328,344,355,373,380,386,385,386,387,393,392,391,385,386,374,370,362,352,348,337,328,317,303,289,275,261,249,240,233,225,215,209,201,195,190,179,170,167,154,151,142,134,127,114,104,83,71,58,36,25,13,2",150,235.81226666667
,9181825,98226,151,237.6,238.97,22.57,381.85,145.2,1681.21,1167.94,113.78,632.28,90.28,178,276.72,413.38,52.8,36.36,0.77,1.89,0.96,"56,38,62,122,159,199,223,242,259,272,294,309,326,343,354,365,371,383,387,394,399,403,407,413,411,410,407,399,391,380,371,361,348,342,324,321,299,290,278,261,252,243,232,226,224,216,209,205,190,187,179,175,164,159,152,136,127,105,95,84,56,44,35,19,13,3",151,235.82410596027
,9181825,98227,152,245.95,239.03,24.16,384.33,138.6,1692.25,1104.11,112.48,612.29,90.89,179,282.62,406.18,50.6,36.51,0.73,1.76,0.95,"57,52,98,150,194,235,261,278,292,302,315,328,345,356,374,384,391,393,394,396,400,399,406,405,403,400,388,381,374,363,356,344,331,315,305,291,283,271,260,251,240,234,228,220,211,201,194,183,180,170,161,147,136,124,110,96,80,58,48,36,28,6,10",152,235.89072368421
,9181825,98228,153,248.02,239.12,24.02,386.8,140.8,1703.38,1113.47,112.17,604.96,91.5,179,274.73,363.61,57.2,40.63,0.74,1.76,0.95,"58,43,78,139,191,232,264,281,293,301,310,325,334,347,355,360,357,361,356,356,352,356,356,360,361,364,361,360,359,358,353,349,339,329,321,308,295,280,266,257,243,239,231,223,217,210,200,195,184,179,169,160,155,139,123,110,94,82,72,62,40,18,28,3",153,235.97
,9181825,98229,154,249.06,239.22,24.5,389.23,143,1714.31,1093.1,112.01,585.69,92.09,179,261,361.57,59.4,41.54,0.75,1.7,0.96,"59,36,63,112,163,197,231,253,265,278,286,295,312,319,333,337,342,344,345,345,348,348,356,353,355,359,362,355,356,349,339,333,322,314,306,293,282,271,260,246,239,226,222,218,211,205,198,192,185,180,171,162,153,145,132,124,109,95,80,58,46,33,21,23,6",154,236.055
,9181825,98230,155,240.82,239.25,23.31,391.8,140.8,1725.68,1136.3,113.27,592.16,92.68,178,267.23,373.47,50.6,35.94,0.75,1.83,0.95,"57,43,89,140,186,229,252,272,280,291,303,322,335,351,364,368,370,370,365,367,363,370,373,371,373,365,357,357,346,341,330,323,313,302,293,281,263,256,246,235,228,222,211,208,204,198,195,190,184,177,168,157,150,137,122,114,95,84,68,57,34,19,21,0",155,236.08574193548
,9181825,98231,156,234.2,239.19,22.69,394.45,140.8,1737.24,1156.56,114.33,598.5,93.28,178,268.68,394.28,39.6,28.13,0.75,1.89,0.96,"55,38,74,127,176,222,265,292,302,317,326,341,360,373,383,392,390,394,385,383,382,386,385,388,384,380,373,365,360,353,340,335,319,306,294,282,266,256,244,231,222,216,209,199,194,184,174,171,164,163,152,145,136,125,114,99,85,72,57,46,34,19,12,8",156,236.07365384615
,9181825,98232,157,233.93,239.16,22.98,397.06,140.8,1748.66,1141.47,114.37,620.22,93.9,179,277.3,404.54,52.8,37.5,0.75,1.86,0.95,"55,35,64,112,161,199,236,262,278,294,309,320,340,353,365,374,382,384,388,388,390,392,401,405,404,401,397,388,385,380,375,363,360,346,334,321,302,289,274,260,252,239,229,224,212,204,195,187,182,177,170,159,150,136,127,112,100,85,67,59,38,28,19,7",157,236.06
,9181825,98233,158,243.97,239.01,23.9,399.67,138.6,1759.79,1112.98,112.78,653.49,94.55,179,303.97,437.06,52.8,38.1,0.72,1.79,0.95,"57,56,116,181,234,284,304,314,307,318,328,349,365,383,399,406,409,411,408,414,420,429,435,437,433,427,420,417,406,401,386,370,354,342,324,311,303,287,282,272,263,255,243,233,224,215,208,195,183,176,160,158,144,130,113,99,76,53,53,36,13,11,12",158,236.11006329114
,9181825,98234,159,245.06,239.33,22.46,402.19,136.4,1771.65,1185.96,112.61,557.79,95.11,179,258.17,377.51,50.6,37.1,0.72,1.95,0.95,"57,55,97,146,180,218,249,266,280,294,307,324,339,354,370,366,374,370,366,371,372,375,378,372,369,361,358,349,341,329,319,308,293,282,268,248,239,223,211,203,199,191,188,180,173,165,163,151,148,143,130,128,115,104,97,80,67,56,52,24,11,17",159,236.16635220126
,9181825,98235,160,220.91,239.05,22.19,404.98,132,1783.24,1159.49,116.58,512.85,95.62,179,236.01,333.42,61.6,46.67,0.73,1.98,0.96,"54,36,73,125,170,208,237,253,261,267,273,278,288,299,304,317,319,323,318,316,317,322,323,327,327,329,330,333,333,325,318,312,295,289,271,258,250,238,229,218,208,203,192,185,181,170,166,157,141,132,118,104,89,74,59,47,40,23,15,12",160,236.071
,9181825,98236,161,207.41,238.98,21.11,407.73,140.8,1795.18,1193.45,119.06,645.11,96.27,179,281.5,438.1,55,39.06,0.77,2.07,0.95,"50,45,90,152,202,245,273,286,302,316,332,353,371,382,395,399,405,403,407,414,425,430,437,434,438,431,426,419,411,401,394,381,365,346,328,311,298,283,269,261,249,241,234,220,214,201,193,187,173,168,158,151,144,130,120,102,89,69,56,41,26,13,6,3",161,235.89298136646
,9181825,98237,162,232.17,238.88,23.29,410.34,138.6,1806.41,1123.19,114.66,669.97,96.94,178,309.93,453.29,57.2,41.27,0.73,1.85,0.95,"55,44,90,142,190,237,269,299,320,338,353,374,386,400,414,424,427,433,433,439,443,447,451,453,452,453,444,439,425,419,407,398,380,362,347,329,315,305,287,276,265,252,244,232,217,212,199,190,187,180,170,156,146,128,114,106,85,69,59,46,24,8,10",162,235.87
,9181825,98238,163,251.34,239.15,23.16,412.82,140.8,1818.01,1159.97,111.67,659.1,97.59,179,302.91,444.26,57.2,40.63,0.73,1.86,0.95,"57,38,77,129,177,217,258,286,301,319,329,342,357,370,381,395,403,408,408,410,414,423,425,435,437,444,443,440,434,427,415,405,390,376,356,342,325,311,295,284,268,256,248,236,227,214,204,189,179,171,161,155,145,137,123,112,97,78,66,49,40,28,7,5",163,235.96490797546
,9181825,98239,164,252.37,239.24,22.59,415.47,140.8,1829.92,1190.9,111.52,630.77,98.23,178,290.29,425.09,46.2,32.81,0.73,1.92,0.95,"58,50,90,141,185,223,254,272,295,307,331,349,370,388,402,412,417,417,421,418,425,419,421,416,416,404,395,384,373,369,356,344,330,314,303,293,281,270,258,248,238,228,222,215,210,202,198,191,184,181,169,160,156,138,132,114,93,79,61,52,38,18,10,0",164,236.06493902439
,9181825,98240,165,249,239.25,23.62,418.04,138.6,1841.26,1133.9,112.02,578.94,98.8,179,266.45,400.69,50.6,36.51,0.73,1.81,0.96,"58,38,74,123,169,208,242,265,284,299,312,330,341,357,364,377,380,386,388,389,395,398,401,399,395,394,378,373,362,354,344,333,319,304,284,270,255,242,235,223,213,201,191,185,172,169,160,149,149,142,134,131,117,110,100,87,73,59,46,36,30,13,5",165,236.14333333333
,9181825,98241,166,236.7,239.29,22.78,420.64,138.6,1852.81,1155.9,113.93,609.14,99.41,178,279.23,411.56,44,31.75,0.74,1.9,0.95,"55,54,96,141,182,219,242,270,285,306,327,346,362,376,389,400,399,408,407,412,410,411,409,407,398,391,380,373,369,360,352,341,325,313,298,287,268,260,248,237,229,222,212,202,197,185,180,173,165,161,154,147,134,128,111,99,82,69,59,51,32,13,17",166,236.14668674699
,9181825,98242,167,233.61,239.31,22.29,423.3,138.6,1864.58,1176.21,114.43,610.16,100.02,179,277.06,422.59,44,31.75,0.74,1.95,0.95,"55,47,88,145,181,217,242,265,285,305,323,344,362,379,392,409,415,422,420,423,419,421,417,409,402,396,379,372,365,359,354,348,332,321,301,292,274,260,247,232,225,217,211,201,195,186,179,171,164,161,150,144,133,118,107,97,74,65,53,36,34,17,11",167,236.13149700599
,9181825,98243,168,232.75,239.22,22.86,425.95,138.6,1876.03,1145.42,114.57,561.67,100.59,179,252.58,374.82,48.4,34.92,0.75,1.88,0.95,"55,44,92,136,172,209,234,254,266,281,290,305,318,335,347,357,363,370,372,373,374,375,369,371,366,360,353,348,342,338,325,315,300,285,273,258,248,238,226,219,210,205,192,189,178,173,169,164,159,154,149,137,132,121,105,90,77,61,46,37,21,12,8",168,236.11136904762
,9181825,98244,169,225.87,239.25,23.17,428.47,138.6,1887.22,1119.05,115.72,581.17,101.17,179,260.47,403.82,50.6,36.51,0.75,1.84,0.96,"54,37,64,121,167,207,242,259,272,281,293,306,323,336,356,367,377,384,390,387,396,399,404,401,396,386,375,359,355,340,336,326,309,300,290,274,264,257,243,237,230,216,210,201,195,187,179,170,167,161,154,145,129,120,106,87,76,63,47,36,19,10,0",169,236.05076923077
,9181825,98245,170,228.25,239.15,23.02,431.1,138.6,1898.52,1130.21,115.31,613.08,101.78,179,277.3,421.57,48.4,34.92,0.74,1.87,0.96,"54,42,86,139,185,222,250,270,285,301,314,330,344,361,371,385,394,399,405,410,413,421,419,422,417,416,406,395,388,377,368,364,346,335,316,300,289,275,265,251,237,224,214,202,194,186,175,167,160,155,145,142,127,116,105,91,76,65,51,42,30,11,6",170,236.00488235294
,9181825,98246,171,230.44,239.13,22.16,433.78,140.8,1910.3,1177.82,114.95,580.66,102.36,179,256.57,400.93,37.4,26.56,0.76,1.95,0.96,"55,30,60,109,160,201,238,263,281,296,312,328,348,361,380,390,401,400,400,393,391,384,381,376,368,361,351,341,335,324,316,304,293,282,274,263,250,241,232,225,220,213,207,196,188,180,169,166,163,158,156,150,139,134,121,105,96,80,67,54,39,19,12,9",171,235.97233918129
,9181825,98247,172,227.79,239.11,22.79,436.39,143,1921.71,1140.74,115.39,629.03,102.99,180,274.26,414.94,55,38.46,0.76,1.87,0.96,"54,46,75,134,172,206,232,253,271,283,305,317,338,349,365,370,376,383,388,388,398,402,410,414,415,414,409,397,392,383,378,368,355,340,325,312,298,285,281,266,259,252,242,232,228,215,207,200,190,180,174,162,151,145,128,119,100,88,79,57,44,25,17,4,8",172,235.92476744186
,9181825,98248,173,233.91,239.03,22.77,439.05,138.6,1933.23,1151.71,114.38,590.85,103.58,180,264.96,408.68,57.2,41.27,0.74,1.89,0.96,"56,33,64,110,152,188,222,244,257,271,281,299,309,326,337,348,357,363,369,374,382,390,397,405,405,409,402,400,393,384,373,366,341,332,319,298,287,274,256,247,239,226,220,213,196,191,177,172,166,157,154,139,132,121,110,93,83,70,55,53,27,12,14",173,235.91312138728
,9181825,98249,174,234.69,238.79,23,441.79,140.8,1944.64,1141.8,114.25,638.99,104.22,180,285.2,436.57,48.4,34.38,0.75,1.86,0.95,"55,36,72,118,161,190,218,243,261,282,300,318,338,356,375,390,400,411,415,425,430,437,431,434,428,429,419,413,409,399,391,380,363,354,341,326,312,300,288,276,265,255,238,226,216,202,197,192,183,176,169,158,146,143,125,113,100,84,70,54,44,28,13,11",174,235.90609195402
,9181825,98250,175,237.38,239.03,22.09,444.36,140.8,1956.58,1193.17,113.82,602.59,104.82,181,266.11,403.9,50.6,35.94,0.75,1.97,0.96,"56,41,65,120,167,199,231,248,265,281,302,316,336,351,363,374,383,387,396,398,400,402,403,404,403,394,389,383,380,370,363,349,334,323,310,293,284,267,257,250,238,227,219,206,197,191,179,170,167,158,153,148,137,129,118,99,90,76,59,55,40,17,13,15",175,235.91451428571
,9181825,98251,176,233.32,239.11,22.76,446.92,140.8,1968.09,1151.28,114.47,579.65,105.4,181,254.94,404.05,48.4,34.38,0.75,1.88,0.95,"55,44,91,135,169,207,234,253,272,290,307,327,338,355,360,373,378,384,390,395,396,404,402,403,396,387,380,369,356,347,333,321,300,289,270,254,242,227,213,205,194,190,187,179,174,170,165,162,159,154,145,144,138,131,119,109,93,78,69,52,24,17,23,10",176,235.89977272727
,9181825,98252,177,226.76,239.07,22.78,449.53,140.8,1979.48,1139.61,115.57,588.63,105.99,181,256.57,384.67,55,39.06,0.76,1.87,0.96,"54,42,63,112,152,179,210,235,255,270,286,296,312,319,332,336,340,350,353,358,366,368,378,380,385,383,383,379,378,368,363,353,344,328,316,299,285,273,264,253,242,234,225,219,214,201,196,187,177,174,161,153,142,135,121,106,95,75,62,54,34,16,21,12",177,235.84813559322
,9181825,98253,178,225.2,238.97,22.29,452.23,138.6,1991.1,1161.89,115.83,601.25,106.59,182,264.85,415.39,50.6,36.51,0.75,1.94,0.96,"54,41,82,131,168,193,220,236,255,276,293,311,327,337,351,359,374,379,388,397,404,408,415,413,411,408,403,395,392,377,366,354,340,328,314,298,286,272,257,247,233,226,219,208,198,185,178,172,169,158,155,143,137,128,110,105,84,73,62,47,36,17,17",178,235.78831460674
,9181825,98254,179,226.75,238.73,22.35,455.02,138.6,2002.72,1161.34,115.57,582.49,107.17,182,257.17,405.09,48.4,34.92,0.75,1.94,0.95,"54,53,108,147,186,223,242,266,281,298,317,336,349,366,374,384,391,395,394,398,400,405,401,399,392,383,369,359,345,336,325,315,304,289,274,267,254,246,236,224,218,209,202,192,182,180,170,163,156,148,141,134,125,107,98,85,68,59,41,28,19,3,3",179,235.73782122905
,9181825,98255,180,227.47,238.89,23.34,457.46,138.6,2013.85,1113.57,115.45,605.81,107.78,182,268.71,409.98,59.4,42.86,0.74,1.83,0.96,"55,45,75,135,182,221,252,267,270,279,284,298,312,327,344,354,364,370,370,378,377,385,390,401,401,405,410,403,399,397,388,381,368,353,335,317,300,286,273,261,249,238,231,219,211,198,191,183,170,165,149,144,129,123,106,95,74,55,46,36,15,1,12",180,235.69188888889
,9181825,98256,181,230.16,238.72,22.14,460.24,140.8,2025.64,1178.54,114.99,606.75,108.39,182,264.66,410.34,50.6,35.94,0.76,1.95,0.96,"54,32,59,117,169,208,247,259,274,285,296,313,330,345,362,374,388,393,396,397,400,404,410,407,408,404,402,391,387,376,368,354,340,325,307,293,279,268,260,248,241,231,223,216,208,200,197,185,178,170,163,152,143,136,112,102,87,66,51,33,21,12,1,6",181,235.66132596685
,9181825,98257,182,228.39,238.84,21.97,462.85,143,2037.48,1184.15,115.29,601.43,108.99,182,257.25,396.64,52.8,36.92,0.77,1.96,0.96,"54,37,63,110,153,191,223,243,269,282,301,316,337,351,367,376,384,382,384,385,389,388,395,397,396,393,384,376,369,356,351,337,324,314,301,286,279,262,255,245,235,228,221,210,199,192,186,178,177,167,160,157,146,139,126,114,99,90,75,62,58,30,16,19,4",182,235.62137362637
,9181825,98258,183,225.65,238.77,21.81,465.6,140.8,2049.36,1188.28,115.76,645.38,109.63,181,283.22,440.84,52.8,37.5,0.76,2,0.95,"53,32,65,113,158,197,231,252,274,290,305,321,337,354,366,383,391,403,411,417,424,430,434,441,436,438,434,429,416,410,395,386,370,351,337,323,308,299,284,271,261,250,243,235,224,216,210,201,193,186,175,168,153,148,133,121,110,87,77,61,40,21,17,7",183,235.5668852459
,9181825,98259,184,238.32,238.7,22.95,468.25,138.6,2060.86,1149.92,113.67,615.69,110.25,182,277.41,422.73,52.8,38.1,0.73,1.88,0.95,"56,50,94,150,196,242,271,290,299,311,322,340,357,369,383,390,392,398,394,402,407,417,418,422,423,418,404,399,386,377,368,353,333,318,302,288,276,262,246,240,229,223,219,207,198,194,177,172,167,156,154,145,133,122,108,92,77,63,47,32,24,8,8",184,235.58184782609
,9181825,98260,185,232.88,238.82,21.79,470.91,140.8,2072.88,1201.84,114.55,607.63,110.86,181,267.53,413.8,57.2,40.63,0.75,2,0.96,"55,42,82,130,179,215,243,261,269,281,292,311,324,345,357,371,374,382,386,391,395,399,406,410,409,414,405,402,389,380,368,354,346,329,315,301,280,274,257,247,240,229,220,210,202,192,187,183,174,163,158,145,136,127,116,101,86,72,55,46,25,12,21,2",185,235.56724324324
,9181825,98261,186,233.58,238.81,22.45,473.57,145.2,2084.56,1167.92,114.43,626.29,111.48,182,267,422.26,52.8,36.36,0.77,1.9,0.96,"55,27,59,102,159,204,236,262,270,283,294,307,327,346,358,382,396,408,416,418,416,422,419,422,418,414,405,399,386,376,364,348,340,323,306,298,280,267,258,245,236,232,222,216,208,206,196,193,186,183,178,171,166,153,144,133,119,102,89,69,54,36,19,17,4,5",186,235.55655913979
,9181825,98262,187,235.97,238.81,22.13,476.27,143,2096.44,1188.57,114.04,665.4,112.15,181,292.06,436.43,59.4,41.54,0.76,1.96,0.95,"55,37,63,111,160,203,239,268,295,307,326,340,355,367,376,389,399,404,414,412,421,420,428,430,434,428,436,433,428,426,413,401,389,372,355,344,326,312,302,285,274,261,252,244,234,224,217,205,196,183,175,166,154,153,141,131,121,103,87,71,69,32,14,24,6",187,235.55877005348
,9181825,98263,188,242.35,238.54,21.98,479.19,143,2108.52,1207.61,113.03,636.37,112.78,181,280.02,417.46,55,38.46,0.75,1.98,0.95,"56,53,90,142,181,218,245,265,280,284,301,316,331,344,358,369,379,385,390,390,399,401,413,414,417,416,412,408,403,393,388,376,364,347,335,318,306,291,277,266,257,252,242,229,219,206,202,193,186,181,170,164,151,145,133,122,118,96,82,70,46,22,24,12,6",188,235.59489361702
,9181825,98264,189,246.76,238.9,22.7,481.63,149.6,2120.28,1176.39,112.36,692.31,113.48,181,295.5,432,63.8,42.65,0.78,1.87,0.96,"57,29,65,117,168,218,260,287,299,314,324,337,351,365,365,376,381,384,394,397,399,407,403,413,418,426,427,429,432,425,421,417,403,397,383,367,351,338,321,304,291,276,266,260,248,240,229,222,211,206,194,185,177,165,155,145,141,130,120,111,95,82,61,50,35,16,12,4",189,235.65396825397
,9181825,98265,190,251.05,238.98,22.57,484.27,140.8,2132.18,1190.04,111.71,546.51,114.02,180,243.14,362.66,52.8,37.5,0.75,1.91,0.96,"58,34,73,112,149,193,213,231,240,245,257,273,291,310,322,332,339,343,346,351,352,361,358,363,358,358,351,347,342,332,319,307,294,285,271,265,256,244,237,225,218,207,199,195,181,178,168,165,162,157,150,141,136,125,112,99,84,66,47,30,27,18,5,1",190,235.735
,9181825,98266,191,225.21,238.94,21.99,486.97,140.8,2143.96,1177.85,115.83,600.41,114.62,180,263.17,421.19,48.4,34.38,0.76,1.97,0.95,"53,35,63,110,154,188,217,240,253,267,285,304,323,345,363,381,391,402,410,417,416,421,421,421,416,413,403,394,388,374,363,348,330,318,303,289,272,259,246,239,225,222,211,203,199,189,181,174,168,158,154,140,140,131,121,111,86,76,58,50,23,10,17,6",191,235.67989528796
,9181825,98267,192,226.58,238.88,22.56,489.63,140.8,2155.46,1150.17,115.6,600.35,115.22,180,264.37,392.27,52.8,37.5,0.76,1.9,0.95,"54,51,102,155,192,232,253,262,276,282,296,308,325,344,353,360,362,362,365,362,371,376,389,392,390,390,380,374,371,360,354,342,335,320,309,296,281,272,260,247,240,228,222,215,207,203,191,179,173,162,159,146,145,136,123,116,92,73,60,41,24,23,15,1",192,235.6325
,9181825,98268,193,224.63,238.77,22.01,492.37,138.6,2167.22,1175.93,115.93,588.18,115.81,180,261.64,399.79,52.8,38.1,0.75,1.98,0.95,"53,50,93,136,173,212,237,257,266,277,289,305,321,335,348,360,364,376,381,387,387,396,397,399,400,393,392,387,375,366,347,336,320,306,295,280,268,259,252,241,236,229,216,212,201,191,185,173,163,158,137,137,125,110,103,86,77,64,57,44,24,6,13",193,235.57549222798
,9181825,98269,194,224.28,238.77,22.94,494.94,138.6,2178.5,1127.43,115.99,558.89,116.37,181,246.72,384.15,50.6,36.51,0.75,1.86,0.95,"54,51,91,138,175,212,234,248,257,266,283,294,315,328,344,352,361,366,369,371,373,376,384,376,380,370,363,357,349,336,324,311,297,286,275,261,247,237,227,219,210,205,196,186,182,174,164,158,149,143,132,126,120,106,99,89,74,62,53,37,23,10,16",194,235.51726804124
,9181825,98270,195,220.86,238.68,22.5,497.6,143,2189.94,1143.79,116.59,613.36,116.98,181,263.39,420.56,55,38.46,0.77,1.9,0.95,"53,40,64,114,156,188,218,238,255,271,290,304,326,340,356,368,379,382,390,396,404,406,414,418,421,419,416,408,399,388,379,365,353,336,321,308,290,280,272,257,252,238,224,215,209,194,191,177,167,162,155,146,143,132,118,116,95,86,71,54,49,21,4,15,9",195,235.4421025641
,9181825,98271,196,194.43,238.22,16.22,501.37,140.8,2205.14,1520.06,121.65,660.88,117.65,181,275.39,460.27,55,39.06,0.8,2.9,0.96,"45,32,62,122,184,240,281,298,312,309,320,330,350,364,380,391,400,403,414,421,432,440,450,456,460,456,450,442,434,421,416,402,389,371,351,332,310,294,279,264,249,245,237,226,221,204,197,193,189,184,175,165,156,142,132,115,101,79,67,51,44,23,4,22",196,235.23285714286
,9181825,98272,197,219.88,238.27,23.28,503.85,136.4,2216.17,1103.72,116.76,608.99,118.25,181,274.78,427.93,46.2,33.87,0.73,1.84,0.95,"53,51,92,146,187,230,259,285,306,319,342,352,370,388,398,406,415,417,421,423,428,425,424,419,413,402,399,381,371,359,347,334,319,304,288,275,264,253,243,232,228,219,212,204,196,186,179,169,162,154,143,138,119,114,97,82,75,52,43,26,13,6",197,235.15492385787
,9181825,98273,198,229.37,238.19,23.19,506.46,136.4,2227.41,1123.53,115.13,564.2,118.82,180,256.36,414.46,50.6,37.1,0.73,1.85,0.95,"55,53,88,138,174,210,235,248,259,275,292,309,331,345,358,371,379,385,397,400,412,410,414,409,403,401,394,381,369,351,332,314,295,273,260,246,234,229,215,206,202,192,190,180,172,164,157,150,145,140,132,126,114,101,86,72,61,41,35,19,3,3",198,235.12570707071
,9181825,98274,199,225.21,238.1,23.05,509.08,136.4,2238.64,1123.49,115.83,602.34,119.42,180,273.8,409.85,50.6,37.1,0.73,1.87,0.96,"54,44,78,125,160,203,238,266,289,307,327,339,352,355,362,362,371,380,384,393,401,405,410,405,408,402,404,399,391,377,369,350,337,327,311,297,287,274,266,254,247,237,229,218,210,200,188,182,168,159,146,137,126,109,96,77,62,51,34,23,6,4",199,235.07587939699
,9181825,98275,200,233.43,238.18,23.19,511.59,143,2249.95,1130.35,114.46,583.21,120,181,252.61,374.78,39.6,27.69,0.77,1.82,0.96,"56,43,74,125,168,207,238,253,269,275,293,307,328,342,359,368,371,375,370,367,372,369,374,374,374,369,365,360,355,347,343,330,321,301,289,275,257,249,237,224,218,214,207,202,196,185,182,175,169,162,155,150,143,138,125,114,101,84,68,53,40,18,12,3,3",200,235.06765
,9181825,98276,201,229.68,238.17,22.84,514.2,140.8,2261.36,1141.28,115.08,622.02,120.63,180,275.24,428.47,55,39.06,0.75,1.87,0.96,"55,42,66,116,154,192,226,247,267,271,287,302,322,339,356,369,381,388,395,401,411,418,422,424,428,420,419,412,404,392,385,370,354,340,323,308,298,280,270,258,248,246,237,231,221,212,203,189,185,174,167,162,155,142,132,117,100,82,57,46,30,11,9,0",201,235.04084577114
,9181825,98277,202,231.84,238.08,21.8,516.99,143,2273.36,1199.46,114.72,618.32,121.24,180,269.02,414.25,52.8,36.92,0.77,1.99,0.96,"55,28,56,98,158,198,243,270,287,298,307,317,330,344,357,370,378,391,389,397,395,402,409,414,413,407,397,391,379,368,361,349,335,324,305,291,281,268,262,248,243,236,228,224,217,209,201,193,184,178,174,169,155,155,133,124,109,93,80,67,52,31,16,1,6",202,235.025
,9181825,98278,203,225.67,238.12,21.22,519.73,138.6,2285.57,1221.32,115.75,601.91,121.85,180,267.43,420.5,50.6,36.51,0.75,2.08,0.96,"53,44,84,134,176,216,245,264,277,289,303,319,337,360,375,396,400,408,410,414,417,417,420,417,408,402,386,376,360,353,340,329,315,301,288,275,266,255,242,235,224,219,212,206,195,192,186,177,175,166,159,149,140,122,109,93,78,69,53,47,29,14,20",203,234.97891625616
,9181825,98279,204,0,177.95,0,574.04,0,2290.81,524.14,115.75,0,121.85,0,0,0,0,0,0,0,0,,204,233.82705882353
